,0,1
0,environmental,6
1,china,812
2,cooperation,531
3,korea,908
4,countries,527
5,exchanges,407
6,field,116
7,relations,503
8,ambassador,791
9,xing,294
10,environment,19
11,minister,216
12,han,26
13,hwa-jin,1
14,establishment,178
15,diplomatic,167
16,ecological,5
17,mountains,4
18,neighbors,64
19,ties,134
20,closer,14
21,achieved,73
22,construction,115
23,civilization,8
24,contribution,77
25,remarkable,15
26,addition,176
27,30th,26
28,anniversary,128
29,strengthen,75
30,development,518
31,korea-china,182
32,technology,27
33,july,85
34,haiming,295
35,met,254
36,korean,436
37,hai-ming,7
38,congratulated,62
39,inauguration,26
40,eternal,1
41,inseparable,12
42,cooperative,82
43,partners,30
44,political,70
45,mutual,97
46,trust,26
47,steadily,4
48,deepened,9
49,economic,201
50,"
",963
51,practical,27
52,semiconductors,2
53,industrial,27
54,yang,29
55,hyang-ja,1
56,strengthening,41
57,people,382
58,trade,170
59,market,21
60,south,236
61,fair,5
62,national,234
63,assembly,89
64,chairman,239
65,special,65
66,committee,86
67,competitiveness,2
68,power,20
69,semiconductor,3
70,industry,54
71,exchanged,60
72,views,40
73,measures,26
74,including,163
75,bringing,3
76,benefits,7
77,principles,3
78,trends,3
79,common,81
80,cooperate,15
81,adhering,3
82,president,312
83,sino-korea,181
84,legislative,5
85,bodies,4
86,promote,149
87,jeong,26
88,jin-seok,2
89,actively,117
90,sustainable,9
91,corona,12
92,vice,137
93,friendly,267
94,close,113
95,time,71
96,government,146
97,inaugurated,1
98,guidance,10
99,xi,61
100,jinping,58
101,yun,12
102,seok-yeol,4
103,started,10
104,smoothly,11
105,communication,32
106,gradually,3
107,deepening,47
108,standing,19
109,history,61
110,incheon,21
111,city,72
112,mayor,47
113,jeong-bok,5
114,yoo,19
115,singh,38
116,friendship,205
117,humanities,29
118,attaches,32
119,yu,11
120,deepen,47
121,contribute,33
122,bilateral,187
123,china-korea,181
124,peoples,76
125,respect,7
126,benefit,13
127,visited,141
128,saeol,2
129,cultural,181
130,foundation,32
131,ji,3
132,yong-taek,2
133,chatted,1
134,representatives,91
135,local,16
136,media,58
137,figures,25
138,culture,109
139,tourism,32
140,sports,26
141,park,107
142,bo-gyun,1
143,exchange,168
144,maintained,16
145,relationship,64
146,achievements,92
147,human,19
148,sound,3
149,china-rok,42
150,strategic,93
151,partnership,42
152,marks,20
153,traditional,23
154,built,2
155,strong,30
156,natural,8
157,affinity,2
158,international,234
159,foreign,208
160,chinese,731
161,association,218
162,language,22
163,newspapers,7
164,situation,151
165,role,111
166,fairness,2
167,reports,10
168,councilor,11
169,ceremony,144
170,times,30
171,ceo,21
172,daily,19
173,community,73
174,influence,9
175,objective,2
176,country,104
177,emphasized,30
178,understand,19
179,reporter,6
180,confrontation,1
181,newspaper,19
182,aspects,1
183,true,12
184,wang,46
185,yi,10
186,7th,14
187,award,17
188,hosted,99
189,held,289
190,press,7
191,flowers,5
192,flower,6
193,light,1
194,【u-star30,1
195,song,34
196,gold,2
197,journey,6
198,student,27
199,longevity,3
200,contest,21
201,fire,4
202,yeon,4
203,dream,20
204,team,21
205,snowflake,1
206,future,128
207,eyes,3
208,谁会成为u-star30,1
209,main角呢,1
210,main,9
211,character,2
212,u-star30,1
213,middle,13
214,school,42
215,finalist,1
216,list】,1
217,blue,19
218,blossoms,2
219,myongji,1
220,star,5
221,korea-chinese,8
222,guo,2
223,reverse,3
224,life,80
225,幸运lucky,1
226,尔bao,1
227,earljhl,1
228,dancejhl,1
229,dancejhljhl5紫,1
230,提zu,1
231,te,1
232,初见奇缘kiyeon春之花spring,1
233,flower6王,1
234,悦wang,1
235,wei红・savagered・savage红・savageminutered・savage※,1
236,remark,1
237,rank,1
238,（原曲-脸红的思春期）our,1
239,university,87
240,love,12
241,semi-finals,2
242,platform,3
243,salt,1
244,company,19
245,yo,1
246,moon,22
247,nights,1
248,tablets,2
249,arirang,2
250,kim,181
251,summer,2
252,red,12
253,savage,1
254,friend,18
255,method,2
256,voting,3
257,wechat,1
258,youtube,1
259,person,5
260,selecting,1
261,gather,2
262,friends,27
263,prepare,2
264,diligently~,1
265,repeating,1
266,practice~you,1
267,brilliant,7
268,ideas,2
269,editing,1
270,producing~,1
271,effort,8
272,devotion,2
273,check,1
274,semi-final,1
275,notice,1
276,step,3
277,lee,162
278,director,150
279,major,52
280,journalist,2
281,dialogue,16
282,sungkyunkwan,7
283,hee-ok,3
284,jong-guk,1
285,companies,58
286,event,235
287,continue,111
288,develop,64
289,social,42
290,reporters,8
291,hoped,86
292,public,62
293,sentiment,4
294,in-depth,22
295,outlets,14
296,april,81
297,jointly,41
298,security,43
299,forum,72
300,global,71
301,initiative,9
302,potential,16
303,attended,358
304,proclamation,1
305,8th,14
306,speech,96
307,unfolding,1
308,unprecedented,1
309,challenge,2
310,dealt,2
311,sternly,2
312,mankind,22
313,proposed,3
314,annual,11
315,meeting,107
316,boao,5
317,week,10
318,stressing,1
319,prerequisite,1
320,humanity,7
321,website,5
322,address,7
323,embassy,447
324,changed,3
325,http,2
326,//kr.china-embassy.gov.cn,1
327,diplomacy,19
328,parliamentary,16
329,congratulatory,159
330,affairs,188
331,unification,18
332,envoys,5
333,united,28
334,congress,35
335,challenges,8
336,destiny,21
337,promoting,142
338,prosperity,28
339,delivered,83
340,remarks,43
341,'meeting,1
342,promotion,33
343,chung,24
344,eui-yong,2
345,candidate,4
346,jin,8
347,kwang-jae,2
348,safety,21
349,samyang,2
350,foods,1
351,food,8
352,consumption,1
353,shelf,2
354,quality,8
355,product,3
356,consumers,1
357,jung-soo,1
358,noodles,1
359,export,5
360,months,5
361,exported,3
362,largest,27
363,fulfills,1
364,responsibilities,1
365,15th,23
366,representative,33
367,vice-chairman,40
368,buldak,1
369,fried,1
370,domestic,21
371,expiration,1
372,dates,1
373,values,5
374,​​food,1
375,hygiene,1
376,received,24
377,certification,1
378,explained,44
379,ramyun,1
380,domestically,1
381,compared,3
382,products,4
383,region,50
384,online,27
385,teams,3
386,final,5
387,fri,2
388,score,1
389,dance,12
390,students,95
391,competition,16
392,preliminary,1
393,regions,9
394,finals,2
395,regulations,2
396,performance,33
397,total,11
398,prize,7
399,program,9
400,content,5
401,-china,1
402,participate,9
403,submission,1
404,6th,22
405,screening,2
406,mon,1
407,consists,3
408,jury,1
409,advance,2
410,judging,1
411,selected,5
412,category,2
413,instant,1
414,creativity,2
415,training,6
416,scholarships,6
417,excellence,2
418,krw,2
419,money/team,1
420,encouragement,5
421,meetings,10
422,carbon,4
423,conference,41
424,growth,33
425,goal,7
426,gdp,3
427,achieve,29
428,interview,47
429,introduced,163
430,looked,20
431,stable,10
432,conferences,9
433,party,133
434,recovery,12
435,policies,17
436,economy,104
437,increases,1
438,livelihood,5
439,convenience,9
440,reduction,2
441,live,9
442,green,12
443,path,10
444,double,2
445,president-elect,3
446,partner,17
447,leaders,53
448,office,48
449,rok-china,9
450,march,83
451,prevented,5
452,message,14
453,opinions,31
454,neighbor,7
455,joint,61
456,efforts,79
457,governments,22
458,developed,56
459,dramatically,5
460,fields,89
461,substantial,2
462,positive,88
463,ethnic,6
464,nation,17
465,unity,4
466,sense,8
467,cpc,4
468,ensure,3
469,central,43
470,mongolia,2
471,stability,36
472,epidemic,49
473,control,15
474,fostering,1
475,stressed,3
476,philosophy,5
477,carried,8
478,emissions,2
479,high-quality,2
480,forward,18
481,self-governance,1
482,border,1
483,founding,41
484,era,34
485,leadership,26
486,maintain,15
487,autonomous,11
488,delegation,96
489,education,69
490,stick,1
491,american,5
492,indian,3
493,indians,1
494,u.s.,1
495,native,2
496,americans,1
497,genocide,1
498,tribes,1
499,children,14
500,white,2
501,reservations,1
502,forced,2
503,land,5
504,rate,4
505,tribal,1
506,women,43
507,reservation,1
508,health,20
509,population,3
510,schools,9
511,massacre,1
512,average,2
513,living,39
514,system,34
515,result,3
516,creek,1
517,communities,3
518,boarding,3
519,individual,4
520,conditions,10
521,forcibly,1
522,rights,13
523,assimilation,1
524,war,24
525,soldiers,3
526,olympics,19
527,hwang,21
528,beijing,36
529,winter,21
530,sincere,9
531,medal,2
532,congratulations,11
533,dae-heon,1
534,february,80
535,daeheon,1
536,won,24
537,1500m,1
538,short,5
539,track,3
540,response,38
541,send,11
542,behalf,49
543,convey,2
544,positively,66
545,evaluated,62
546,outstanding,15
547,skills,8
548,demonstrating,9
549,reason,2
550,olympic,10
551,games,3
552,infinite,1
553,appeal,1
554,level,24
555,faster,3
556,vigorous,1
557,athletes,4
558,rules,4
559,skating,1
560,federation,20
561,feelings,5
562,politicians,2
563,interfere,1
564,paying,5
565,attention,15
566,suspicions,2
567,biased,1
568,judgment,2
569,race,4
570,technical,2
571,issue,18
572,decided,5
573,professional,3
574,authoritative,3
575,institution,3
576,arrows,1
577,fueled,1
578,anti-chinese,1
579,korean-chinese,36
580,costumes,1
581,'cultural,1
582,plunder,1
583,events,20
584,peninsula,43
585,share,14
586,belongs,1
587,respects,1
588,wore,1
589,attend,17
590,speculates,1
591,criticizes,1
592,paid,6
593,netizens,1
594,dissatisfied,1
595,position,20
596,multi-ethnic,1
597,concert,9
598,singers,1
599,festival,21
600,success,9
601,seoul,220
602,celebrate,24
603,young-gil,19
604,music,8
605,applause,5
606,songs,6
607,han-russian,1
608,spring,16
609,center,78
610,ajou,10
611,news,23
612,corporation,16
613,successful,18
614,hosting,14
615,democratic,17
616,jun-seok,3
617,kwak,15
618,east,13
619,institute,60
620,belt,15
621,road,22
622,tangible,1
623,december,52
624,2nd,25
625,high-level,16
626,combined,1
627,offline,6
628,format,1
629,shinhwasa,1
630,researcher,1
631,heping,1
632,xinhua,4
633,xubu,1
634,studies,21
635,choi,51
636,jae-chun,2
637,hong,88
638,do-do,1
639,joongang,20
640,cha,3
641,hong-gyu,1
642,smooth,9
643,support,104
644,famous,24
645,painter,1
646,art,30
647,donated,31
648,paintings,5
649,theme,20
650,prayed,1
651,express,10
652,blessing,3
653,grand,25
654,enthusiasts,1
655,firmly,13
656,oppose,2
657,politics,26
658,wished,4
659,host,4
660,continued,27
661,communist,38
662,historical,16
663,plenary,10
664,19th,19
665,sungkyun,2
666,seminar,7
667,struggle,2
668,viewpoint,1
669,comrade,1
670,core,4
671,socialism,5
672,characteristics,12
673,experts,19
674,academy,22
675,sciences,5
676,peking,4
677,strategy,19
678,labor,3
679,employment,3
680,commission,8
681,leads,1
682,expected,7
683,billion,16
684,day,136
685,seong-hyeon,1
686,handling,2
687,disputes,2
688,holding,6
689,regular,6
690,seminars,2
691,facilitating,3
692,visits,3
693,spirit,13
694,session,20
695,goseong-gun,1
696,myeong-jun,1
697,ham,3
698,november,53
699,gangwon-do,6
700,dramatic,1
701,supply,9
702,chains,9
703,closely,23
704,fused,4
705,form,2
706,composition,1
707,fate,2
708,regional,47
709,hopes,56
710,provincial,16
711,cities,29
712,play,34
713,active,50
714,bridge,7
715,completed,4
716,preparations,6
717,yoon,21
718,presidential,2
719,opposition,6
720,establish,8
721,occasion,9
722,opportunity,39
723,upgrade,3
724,win-win,7
725,oriental,1
726,rise,1
727,mature,2
728,civil,2
729,law,18
730,code,1
731,legal,10
732,justice,15
733,rule,9
734,played,29
735,academic,16
736,enactment,2
737,kang,26
738,seong-guk,1
739,scholars,12
740,called,6
741,business,57
742,society,28
743,administration,7
744,ideology,5
745,bright,11
746,prospects,8
747,slowdown,1
748,choice,3
749,issues,29
750,symposium,1
751,keynote,13
752,status,52
753,significance,12
754,depth,5
755,professors,15
756,universities,13
757,yong-seok,1
758,jae-myung,1
759,deeply,18
760,exceeded,1
761,dollars,5
762,geopolitically,1
763,historically,1
764,deep,21
765,considerable,1
766,progress,47
767,imports,2
768,urea,1
769,peace,80
770,agenda,3
771,thousands,4
772,ha,7
773,policy,40
774,tae-kyung,2
775,young-je,1
776,focusing,9
777,democracy,3
778,lecture,43
779,next-generation,2
780,introducing,5
781,current,61
782,clarified,2
783,question-and-answer,1
784,ahn,26
785,byeong-gil,1
786,jeong-jae,1
787,yeo,3
788,han-koo,1
789,import,3
790,expo,11
791,october,53
792,head,46
793,ministry,104
794,energy,25
795,negotiation,11
796,headquarters,12
797,pending,2
798,building,18
799,hard,39
800,build,15
801,coordination,5
802,highly,33
803,appreciates,5
804,establishing,13
805,sea,24
806,pan-yellow,1
807,chungcheongnam-do,7
808,covid-19,118
809,governor,32
810,seung-jo,4
811,impact,16
812,facing,18
813,appealed,1
814,provide,31
815,climate,4
816,change,12
817,youth,34
818,prime,50
819,daegu,8
820,secretary-general,25
821,ban,11
822,ki-moon,13
823,su-seong,8
824,kwon,21
825,deeper,3
826,story,8
827,governance,7
828,scholarship,10
829,selection,2
830,'chinese,8
831,youthful,1
832,studying,14
833,sino-korean,6
834,expressed,75
835,days,12
836,ago,16
837,process,19
838,rigorous,1
839,attending,5
840,awarded,8
841,september,64
842,vaccine,2
843,ivi,2
844,george,1
845,vickerstaff,1
846,jerome,2
847,delegates,2
848,bangladesh,1
849,brazil,1
850,india,2
851,finland,1
852,appreciating,2
853,contributed,8
854,prevention,18
855,projects,15
856,quarantine,41
857,secretariat,15
858,korea-china-japan,6
859,trilateral,15
860,deputy,124
861,aubochen,1
862,praised,19
863,china-japan,6
864,understanding,58
865,newly,5
866,appointed,4
867,tcs,1
868,uo,1
869,bochen,1
870,beom-heum,1
871,baek,5
872,natsuko,1
873,sakata,1
874,72nd,1
875,republic,101
876,hand,22
877,wealth,1
878,jobs,2
879,gggf,2
880,bu-gyeom,1
881,hak-young,1
882,realize,18
883,pandemic,4
884,entertainment,2
885,celebrities,6
886,fandom,1
887,action,1
888,internet,5
889,lang,1
890,correct,1
891,'fandom,1
892,fan,1
893,club,5
894,aimed,1
895,yogurt,1
896,relevant,22
897,actions,4
898,clean,1
899,'qing,1
900,chaotic,1
901,closed,5
902,accounts,2
903,fearing,1
904,hinder,1
905,spokesperson,19
906,neutrality,1
907,hyo-eun,1
908,firm,2
909,responsibility,8
910,practitioner,1
911,activist,1
912,solution,1
913,declared,4
914,reaching,2
915,peak,1
916,emission,2
917,enhancing,5
918,entrance,4
919,'today,2
920,un-chan,2
921,tae-il,1
922,martyrs,2
923,remains,3
924,koreans,29
925,lawmaker,2
926,won-shik,1
927,changan,1
928,taiwan,1
929,taiwanese,2
930,article,8
931,authorities,2
932,nations,5
933,published,16
934,wu,10
935,'international,2
936,survival,3
937,space,1
938,'one,6
939,divide,1
940,august,60
941,progressive,1
942,written,3
943,'return,1
944,strict,4
945,zhao,14
946,'taiwan,1
947,independence,11
948,so-called,2
949,participating,5
950,'two,1
951,internationally,1
952,recognized,1
953,japan,36
954,northeast,22
955,gender,4
956,equality,5
957,family,10
958,asia,31
959,asian,32
960,geographically,19
961,differences,2
962,ahead,6
963,29th,10
964,kangwon,1
965,ilbo,38
966,predicted,6
967,answered,8
968,questions,7
969,investigation,5
970,origins,2
971,■the,1
972,age,3
973,lee-rip,1
974,momentum,2
975,hope,31
976,jigyo,1
977,based,10
978,dong-a,5
979,'makyeokjigyo,1
980,stage,29
981,initial,1
982,intentions,1
983,letters,4
984,'trust,1
985,'love,1
986,'righteousness,1
987,move,2
988,beautiful,38
989,strengthened,13
990,roh,11
991,tae-woo,3
992,eldest,3
993,son,13
994,moved,3
995,appreciation,15
996,presidency,2
997,jangsaengdo,1
998,lacquerware,1
999,basket,2
1000,symbolizing,1
1001,chat,4
1002,grandson,1
1003,established,48
1004,wise,2
1005,accurate,1
1006,decision,4
1007,exhibition,32
1008,aggression,8
1009,hall,23
1010,si-jun,1
1011,japanese,23
1012,commemorate,20
1013,76th,1
1014,liberation,17
1015,'korea-china,2
1016,13th,20
1017,jong-geol,2
1018,jae-heon,3
1019,chwi-hwan,6
1020,guests,43
1021,films,2
1022,essay,3
1023,believes,33
1024,descendants,2
1025,'essay,1
1026,'suggestions,1
1027,participated,37
1028,1st,15
1029,3rd,13
1030,prizes,6
1031,artist,3
1032,mureungdo,1
1033,nuclear,10
1034,plant,4
1035,manner,6
1036,woohyeonmun,1
1037,gallery,2
1038,video,25
1039,midst,9
1040,developing,43
1041,difficulties,34
1042,crossing,6
1043,river,9
1044,boat,8
1045,enhanced,1
1046,virus,11
1047,origin,1
1048,scientific,8
1049,responsible,4
1050,investigations,1
1051,expert,6
1052,report,12
1053,spreads,1
1054,posing,1
1055,threat,1
1056,lives,7
1057,scientists,1
1058,hoping,2
1059,uncover,1
1060,implications,2
1061,preventing,1
1062,recurrence,1
1063,infectious,7
1064,diseases,4
1065,matter,3
1066,consistently,8
1067,supported,6
1068,opposed,1
1069,politicizing,1
1070,military,21
1071,army,14
1072,strive,4
1073,94th,2
1074,defense,26
1075,adviser,9
1076,jingguo,2
1077,forces,7
1078,peaceful,16
1079,subjected,1
1080,independent,9
1081,secretary,49
1082,entitled,1
1083,announcement,4
1084,walked,1
1085,detail,6
1086,dae-jung,1
1087,hong-geol,1
1088,heart,10
1089,100th,5
1090,rep.,20
1091,porcelain,3
1092,congressman,1
1093,longtime,3
1094,devoted,2
1095,passion,1
1096,forget,8
1097,original,1
1098,intention,3
1099,mission,8
1100,rescue,8
1101,search,2
1102,overnight,1
1103,helicopters,1
1104,operation,9
1105,mountaineer,1
1106,carry,5
1107,plan,30
1108,weather,7
1109,gamp,1
1110,timely,3
1111,pakistani,1
1112,airspace,1
1113,hong-bin,1
1114,captain,2
1115,hongbin,1
1116,respectable,1
1117,personal,3
1118,receiving,6
1119,request,2
1120,directed,2
1121,coordinated,1
1122,xinjiang,3
1123,uyghur,3
1124,self-governing,5
1125,district,4
1126,command,1
1127,seung-bae,2
1128,assistant,21
1129,accomplished,1
1130,'china-korea,1
1131,qualitatively,1
1132,direction,12
1133,leader,19
1134,continuously,18
1135,fought,3
1136,strength,6
1137,election,3
1138,gratitude,43
1139,celebrating,3
1140,grown,4
1141,leukemia,1
1142,cancer,1
1143,donation,12
1144,items,5
1145,panda,4
1146,pediatric,1
1147,helping,15
1148,difficult,16
1149,improving,9
1150,wheelchairs,1
1151,dolls,2
1152,pattern,1
1153,masks,14
1154,xiaomi,1
1155,wife,89
1156,pangkun,1
1157,counselor,272
1158,joong-myeong,1
1159,yong-deok,4
1160,tradition,4
1161,shin,24
1162,jeong-seung,6
1163,walks,61
1164,li,31
1165,add,6
1166,jung-seung,1
1167,speeches,17
1168,yong-joon,1
1169,disabilities,2
1170,artists,12
1171,developmental,2
1172,humanistic,5
1173,opinion,2
1174,located,16
1175,kong,15
1176,systems,7
1177,returned,8
1178,citizens,14
1179,listened,5
1180,circumstances,3
1181,modern,7
1182,semi-colonial,1
1183,semi-feudal,1
1184,decline,1
1185,crisis,16
1186,'management,1
1187,degree,2
1188,autonomy,2
1189,implemented,9
1190,realized,1
1191,instigation,1
1192,revolution,3
1193,promoted,16
1194,led,64
1195,complete,5
1196,socialist,4
1197,excellent,19
1198,tokyo,2
1199,preparing,3
1200,striving,4
1201,june,92
1202,investment,37
1203,woo,12
1204,uphold,4
1205,continuous,8
1206,joon-young,1
1207,su-geun,1
1208,creating,2
1209,college,4
1210,confucius,16
1211,atmosphere,20
1212,ewha,4
1213,womans,4
1214,eun-soo,1
1215,ji-eun,2
1216,27th,10
1217,20th,48
1218,14th,16
1219,advanced,5
1220,competed,1
1221,contemporary,3
1222,prosecutors,3
1223,oh-su,1
1224,supreme,6
1225,prosecutor,3
1226,enforcement,7
1227,chief,25
1228,driving,2
1229,force,8
1230,guaranteed,2
1231,intends,7
1232,effectively,7
1233,jeju,13
1234,council,35
1235,moving,5
1236,shoulder,1
1237,activists,2
1238,'hundred,2
1239,photo,12
1240,hee-ryong,1
1241,province,70
1242,nam-su,2
1243,jwa,1
1244,officials,37
1245,attendance,35
1246,ruling,6
1247,ccp,10
1248,celebrated,7
1249,strenuous,1
1250,developments,6
1251,paved,1
1252,suitable,1
1253,summit,8
1254,idea,9
1255,protection,8
1256,aired,2
1257,'diplomat,1
1258,talks,10
1259,broadcasting,17
1260,english-only,1
1261,broadcaster,3
1262,implement,6
1263,'kyoto,1
1264,protocol,1
1265,'paris,1
1266,agreement,11
1267,revealed,3
1268,goals,6
1269,plans,8
1270,conjunction,3
1271,solidarity,2
1272,uijeongbu,3
1273,yanjun,2
1274,curling,1
1275,'friendship,1
1276,wishing,6
1277,pray,1
1278,'uijeongbu-han,1
1279,celebrity,2
1280,sponsored,7
1281,gyeonggi-do,12
1282,stadium,4
1283,byung-yong,2
1284,min-cheol,1
1285,young-hwan,2
1286,sejong,7
1287,increased,6
1288,'sejong,1
1289,interact,1
1290,trainees,1
1291,sang-hyeon,2
1292,jeong-seop,1
1293,high-ranking,10
1294,afraid,2
1295,amount,6
1296,inversely,1
1297,awards,7
1298,winners,8
1299,start,6
1300,achieving,3
1301,visit,131
1302,liaoning,7
1303,17th,15
1304,korea-china-korea-china,1
1305,'with,2
1306,colorful,6
1307,'award,1
1308,lin,5
1309,songtian,1
1310,gao,2
1311,keor,1
1312,consultative,14
1313,assemblyman,6
1314,senior,19
1315,chose,1
1316,poverty,9
1317,shared,26
1318,chapter,1
1319,temple,4
1320,109th,1
1321,dongjesa,1
1322,respected,1
1323,provisional,1
1324,dongje,2
1325,deok-nam,1
1326,imperialism,1
1327,vision,4
1328,comprehensive,24
1329,modernization,4
1330,continues,10
1331,congratulate,5
1332,enemy,3
1333,patriots,3
1334,helped,5
1335,memorial,3
1336,gyeongsangbuk-do,3
1337,young-jin,2
1338,cheol-woo,1
1339,politically,5
1340,trustworthy,1
1341,economically,6
1342,fusion,4
1343,culturally,9
1344,exemplary,1
1345,reality,4
1346,demonstrate,3
1347,wastewater,1
1348,fukushima,1
1349,neighboring,6
1350,dispose,1
1351,discharge,1
1352,treatment,2
1353,sufficient,1
1354,considers,1
1355,organizations,32
1356,attitude,4
1357,respond,23
1358,mbc,2
1359,liberal,1
1360,arts,17
1361,pd,1
1362,smes,5
1363,webinar,3
1364,enterprises,4
1365,sme,1
1366,medium,5
1367,businesses,9
1368,rapidly,34
1369,connected,1
1370,tens,1
1371,investing,1
1372,medium-sized,4
1373,lead,4
1374,'rapid,2
1375,han-dong,3
1376,condolences,31
1377,burial,2
1378,late,6
1379,funeral,1
1380,konkuk,3
1381,hospital,5
1382,tribute,3
1383,conveyed,12
1384,bereaved,2
1385,families,6
1386,commemorates,1
1387,solid,5
1388,regard,2
1389,born,4
1390,prominent,4
1391,politician,1
1392,co-chairman,1
1393,humans,3
1394,nature,3
1395,5th,13
1396,jae-cheon,5
1397,jun-hyeong,2
1398,tae-gyun,1
1399,graduate,7
1400,china-japan-korea,5
1401,jong-moon,2
1402,koichi,2
1403,aiboshi,2
1404,hisashi,2
1405,michigami,2
1406,openness,4
1407,parties,12
1408,cho,31
1409,icapp,2
1410,abbreviated,2
1411,'party,1
1412,byung-je,2
1413,byeong-je,1
1414,purpose,9
1415,'promoting,1
1416,se-hoon,1
1417,expects,10
1418,provinces,17
1419,ki-heung,1
1420,cooperating,21
1421,ioc,1
1422,'year,1
1423,commemorating,5
1424,10th,20
1425,geon,6
1426,powers,2
1427,jong-in,1
1428,emergency,8
1429,expand,21
1430,enrich,2
1431,jun-young,2
1432,jeollanam-do,3
1433,sehanji,1
1434,songbaek,1
1435,calm,1
1436,troubled,1
1437,dog,1
1438,pine,2
1439,cypress,1
1440,trees,3
1441,cold,7
1442,helps,2
1443,progressively,2
1444,multilateral,7
1445,providing,7
1446,outbreak,19
1447,efficient,1
1448,phone,5
1449,calls,2
1450,correspondence,1
1451,hee,4
1452,cultures,7
1453,left,12
1454,myth,2
1455,'the,8
1456,sincerely,7
1457,venture,5
1458,hak-do,1
1459,cooperated,8
1460,rapid,20
1461,increase,4
1462,demonstrated,4
1463,tenacity,1
1464,huge,2
1465,spur,1
1466,project,20
1467,18th,33
1468,reporting,5
1469,eradication,4
1470,zhou,38
1471,weibo,2
1472,network,5
1473,young-se,1
1474,kyu-hyeon,1
1475,ajulbo,1
1476,jung,2
1477,sang-ki,2
1478,corridor,1
1479,financial,27
1480,pakistan,2
1481,baloch,1
1482,china-pakistan,1
1483,pacific,2
1484,kwan-seok,1
1485,jeong-moon,1
1486,eun,1
1487,seong-soo,1
1488,services,5
1489,newsis,1
1490,ap통신,1
1491,gdp단위당,1
1492,top-level,2
1493,design,6
1494,fta,9
1495,5g,1
1496,rcep,1
1497,quad,1
1498,'six,3
1499,planned,5
1500,fight,19
1501,coronavirus,28
1502,'double,1
1503,victory,7
1504,finance,11
1505,geumcheon-gu,3
1506,book,6
1507,xiamen,1
1508,books,7
1509,seong-hoon,4
1510,announced,13
1511,fuzhou,1
1512,service,11
1513,korea.典,1
1514,hundreds,4
1515,literature,4
1516,learn,4
1517,scent,1
1518,commissioner,11
1519,pyeongchang-gun,2
1520,pyeongchang,4
1521,talked,13
1522,experiences,12
1523,wang-ki,1
1524,experience,20
1525,organizing,5
1526,operating,2
1527,counties,1
1528,jilin,7
1529,sichuan,11
1530,shandong,14
1531,affection,4
1532,'repentance,1
1533,aid,6
1534,protecting,7
1535,clip,1
1536,precious,2
1537,gi-hong,1
1538,multilateralism,4
1539,'davos,1
1540,experiencing,2
1541,solve,4
1542,protectionism,5
1543,break,1
1544,dawn,2
1545,flow,2
1546,suggested,2
1547,ideological,1
1548,decoupling,1
1549,upholding,1
1550,lunar,10
1551,ox,1
1552,delighted,2
1553,gathered,9
1554,davos,1
1555,follow,1
1556,'multilateralism,1
1557,tank,2
1558,hyundai,8
1559,maritime,14
1560,wei,21
1561,question,3
1562,official,16
1563,coast,4
1564,guard,3
1565,marine,3
1566,police,8
1567,coastal,3
1568,implementation,10
1569,noticed,1
1570,enforced,1
1571,neighbours,1
1572,answer,5
1573,normal,6
1574,activity,39
1575,specific,5
1576,external,9
1577,january,49
1578,maeil,3
1579,post-corona,10
1580,sino-us,6
1581,haenam-gun,3
1582,haenam,3
1583,county,10
1584,myung,8
1585,hyeon-gwan,3
1586,meaning,5
1587,byeong-deok,3
1588,all-out,3
1589,presence,3
1590,'cloud,1
1591,fluent,2
1592,cloud,4
1593,invited,36
1594,tour,8
1595,diplomat,4
1596,female,7
1597,announcer,1
1598,gate,1
1599,stone,2
1600,lion,1
1601,drives,1
1602,evil,1
1603,spirits,1
1604,cherry,1
1605,myeongdong,2
1606,old-fashioned,1
1607,hexagonal,1
1608,pavilion,8
1609,bronze,2
1610,pyunjong,1
1611,wide,10
1612,range,4
1613,calligraphy,7
1614,calligraphers,2
1615,recalled,8
1616,homeland,14
1617,overcame,7
1618,'world,1
1619,television,2
1620,channel,8
1621,cctv-4,1
1622,featured,1
1623,broadcast,3
1624,moderator,1
1625,'ambassador,1
1626,unusual,2
1627,ministers,12
1628,gyu-deok,1
1629,kyu-deok,1
1630,noh,3
1631,maintaining,6
1632,realizing,13
1633,denuclearization,6
1634,resolving,2
1635,improvement,4
1636,relationships,2
1637,create,11
1638,statue,1
1639,woman,1
1640,wind,6
1641,titled,7
1642,'let,2
1643,shimbun,1
1644,'come,1
1645,gossip,1
1646,wears,1
1647,clothes,1
1648,'long,1
1649,straight,1
1650,pursuit,2
1651,sook,2
1652,poor,2
1653,conducted,3
1654,watching,2
1655,'results,1
1656,eradicating,1
1657,writing,3
1658,resources,8
1659,hone,1
1660,study,12
1661,vessel,3
1662,petrochemical,1
1663,carrier,1
1664,reported,4
1665,sanctions,1
1666,north,15
1667,department,21
1668,nationality,3
1669,distorted,1
1670,korean-national,1
1671,detained,2
1672,resolution,2
1673,korean-born,1
1674,undergone,3
1675,released,4
1676,weekend,1
1677,reveal,1
1678,introduce,6
1679,details,2
1680,aju,3
1681,overcome,29
1682,agreed,11
1683,kyung-wha,2
1684,'hangu,1
1685,visiting,26
1686,requests,1
1687,suggestions,4
1688,chain,6
1689,digital,4
1690,dong-geun,4
1691,heung-jong,1
1692,tae-hee,1
1693,full-time,3
1694,chamber,24
1695,commerce,35
1696,jeon,6
1697,yun-jong,1
1698,structure,5
1699,cycle,7
1700,'new,2
1701,industries,17
1702,recipients,5
1703,11th,18
1704,previous,1
1705,renmin,1
1706,yonsei,5
1707,converging,1
1708,4th,16
1709,science,22
1710,artificial,2
1711,intelligence,2
1712,deal,3
1713,smart,3
1714,seong-ro,1
1715,won-wook,1
1716,communications,5
1717,jang,246
1718,seok-young,1
1719,transformation,1
1720,innovation,6
1721,occupies,1
1722,technologies,2
1723,strengths,4
1724,seize,4
1725,heilongjiang,8
1726,chungcheong,11
1727,sisterhood,7
1728,ha-seong,2
1729,cheng,1
1730,model,6
1731,protected,1
1732,joined,2
1733,set,20
1734,northern,1
1735,linkage,1
1736,link,2
1737,in-ho,1
1738,geun,1
1739,ki-sik,2
1740,urban,6
1741,fulfill,2
1742,resilience,4
1743,lim,11
1744,resilient,2
1745,asia-pacific,4
1746,practices,1
1747,geun-hyung,1
1748,citynet,1
1749,management,20
1750,jin-pyo,2
1751,advisory,4
1752,dae-yeop,1
1753,honorary,6
1754,zhaoxing,3
1755,prestigious,1
1756,tanks,3
1757,busan,14
1758,suh,4
1759,ui-taek,2
1760,guopeng,1
1761,pusan,1
1762,promotes,10
1763,generation,5
1764,9th,11
1765,consul-general,8
1766,jungang,5
1767,win,15
1768,bao,6
1769,boo,1
1770,joy,8
1771,baby,3
1772,birthday,1
1773,care,4
1774,breeders,1
1775,grew,2
1776,'little,1
1777,kid,1
1778,plump,1
1779,'chubby,1
1780,proved,1
1781,genes,1
1782,mom,1
1783,dad,1
1784,told,5
1785,'fu,1
1786,sang,9
1787,bao…,1
1788,growing,5
1789,healthy,8
1790,'pubao,1
1791,deliver,1
1792,apostle,1
1793,bring,9
1794,happiness,7
1795,attached,2
1796,pretty,1
1797,nak-yeon,1
1798,provided,11
1799,trusts,1
1800,converges,1
1801,serves,1
1802,five-year,6
1803,long-term,15
1804,roadmap,1
1805,hankook,2
1806,speaker,18
1807,byeong-seok,7
1808,sye-kyun,5
1809,serve,5
1810,reception,34
1811,70th,9
1812,russia,2
1813,economics,6
1814,circulation,2
1815,markets,2
1816,opportunities,12
1817,cumulative,1
1818,quarters,1
1819,negative,1
1820,vitality,3
1821,chun-hee,1
1822,officially,5
1823,launched,3
1824,administrative,14
1825,capital,7
1826,balanced,1
1827,constructed,1
1828,shaanxi,4
1829,guizhou,3
1830,maintains,6
1831,xiong'an,1
1832,amid,4
1833,metropolitan,14
1834,agency,22
1835,ha-yeon,1
1836,agencies,7
1837,intensifying,2
1838,communicate,8
1839,protect,10
1840,crack,1
1841,crimes,2
1842,ensuring,3
1843,resident,1
1844,infringing,1
1845,samsung,13
1846,kun-hee,1
1847,jae-yong,1
1848,daughter,1
1849,passed,4
1850,pioneer,4
1851,boo-jin,1
1852,hotel,24
1853,shilla,5
1854,seo-hyeon,1
1855,welfare,7
1856,sorrow,1
1857,laid,2
1858,world-class,2
1859,invested,1
1860,myeong,2
1861,jeolla,3
1862,'fish,1
1863,rice,1
1864,town,2
1865,southernmost,1
1866,organic,2
1867,overseas,43
1868,production,9
1869,cabbage,2
1870,connection,4
1871,shrine,4
1872,jinlin,2
1873,young-rok,2
1874,key,25
1875,granary,1
1876,base,6
1877,gaining,2
1878,fame,1
1879,celadon,1
1880,ming,8
1881,dynasty,4
1882,defeated,1
1883,formal,1
1884,zhejiang,3
1885,jiangxi,2
1886,changwon,2
1887,heo,29
1888,seong-moo,1
1889,gyeongsangnam-do,4
1890,korea-world,1
1891,image,4
1892,merchants,3
1893,platforms,1
1894,southeast,1
1895,changwon-si,1
1896,concluded,2
1897,jinan,2
1898,nantong,2
1899,jiangsu,9
1900,3d,3
1901,customs,3
1902,restrict,1
1903,clearance,1
1904,bts-related,1
1905,launch,8
1906,confirmation,1
1907,findings,1
1908,restriction,1
1909,match,5
1910,cherishes,1
1911,forged,2
1912,moon-soon,2
1913,unique,7
1914,recognition,2
1915,remain,2
1916,forefront,3
1917,economies,2
1918,formation,1
1919,dual,1
1920,mutually,8
1921,'global,2
1922,21st,35
1923,century,23
1924,forecast,1
1925,standard,2
1926,improved,5
1927,notable,1
1928,ecology,1
1929,min,6
1930,hong-cheol,2
1931,shenzhen,2
1932,zone,12
1933,celebration,10
1934,40th,2
1935,beneficial,8
1936,luncheon,2
1937,proclaimed,1
1938,begun,1
1939,created,5
1940,jianjun,1
1941,plays,1
1942,connect,2
1943,strives,3
1944,coexistence,3
1945,improve,15
1946,hun-hyeon,1
1947,dan,1
1948,baduk,1
1949,chuseok,6
1950,holiday,11
1951,master,10
1952,71st,5
1953,loved,3
1954,wider,2
1955,stated,3
1956,volunteers,2
1957,handover,2
1958,cherishing,1
1959,airport,14
1960,deepest,6
1961,forgotten,1
1962,defending,2
1963,hard-earned,1
1964,morning,15
1965,cctv,5
1966,nice,1
1967,hai,82
1968,congratulates,2
1969,guarantees,4
1970,contributing,3
1971,parents,3
1972,youths,4
1973,'supervisors,1
1974,entered,13
1975,lived,1
1976,speak,3
1977,simple,1
1978,'guide,1
1979,coat,1
1980,arms,2
1981,five-star,1
1982,flag,2
1983,talents,6
1984,koo,9
1985,bon-il,1
1986,75th,2
1987,24th,7
1988,jong-soon,1
1989,briefing,11
1990,demonstration,3
1991,shenpu,1
1992,complex,12
1993,sunpu,1
1994,reform,32
1995,hee-jung,1
1996,executives,4
1997,jung-ju,1
1998,heartfelt,9
1999,permission,1
2000,startups,1
2001,composed,4
2002,pandas,2
2003,adorable,1
2004,cute,1
2005,birth,2
2006,cheering,2
2007,remember,1
2008,listen,1
2009,breeder,1
2010,weight,1
2011,200g,1
2012,2kg,1
2013,panda-like,1
2014,figure,1
2015,'dark,1
2016,circles,11
2017,evident,1
2018,learned,3
2019,innocent,2
2020,everland,2
2021,produced,2
2022,happily,3
2023,ai,23
2024,le,2
2025,'crisis,1
2026,reconsideration,1
2027,kookmin,2
2028,meaningful,2
2029,greeting,9
2030,data,2
2031,fits,1
2032,'legal,1
2033,bon-min,1
2034,post-coronavirus,2
2035,consideration,1
2036,anming,1
2037,'me,1
2038,bureau,32
2039,zhang,140
2040,comprehensively,16
2041,engine,3
2042,focuses,1
2043,twin,1
2044,jong-geon,1
2045,converge,1
2046,examples,2
2047,channels,3
2048,mentioned,4
2049,flows,1
2050,violently,1
2051,finally,3
2052,enters,1
2053,activate,1
2054,anti-fascist,3
2055,anti-japanese,6
2056,movement,3
2057,letter,17
2058,resistance,3
2059,won-woong,1
2060,elites,1
2061,learning,9
2062,orientation,1
2063,top-ranked,1
2064,post,2
2065,breeding,1
2066,parcels,1
2067,label,1
2068,offices,1
2069,shipments,1
2070,shipping,7
2071,spokesman,2
2072,residents,17
2073,unidentified,1
2074,seeds,1
2075,errors,1
2076,arrangement,2
2077,contacted,3
2078,universal,1
2079,postal,1
2080,union,2
2081,unable,1
2082,impersonating,1
2083,urged,2
2084,borders,5
2085,vaccines,1
2086,delivery,4
2087,entire,2
2088,spread,10
2089,release,1
2090,safe,1
2091,effective,1
2092,yancheng,1
2093,dai,1
2094,yuan,7
2095,jae-in,10
2096,easing,2
2097,issuance,3
2098,28th,4
2099,tenure,12
2100,crafts,4
2101,baskets,1
2102,turtles,1
2103,cranes,1
2104,symbolize,1
2105,inter-korean,7
2106,in-young,1
2107,bordered,1
2108,water,4
2109,reconciliation,2
2110,tense,2
2111,concerned,1
2112,recovering,2
2113,saerol,1
2114,won-sik,1
2115,steering,1
2116,myung-woo,1
2117,inha,1
2118,chang-won,1
2119,kiho,1
2120,weihai,4
2121,biologics,1
2122,cj,10
2123,sk,5
2124,byun,3
2125,nam-chun,1
2126,playing,8
2127,port,6
2128,convergence,2
2129,ombudsman,2
2130,joo-bong,3
2131,hyung-jin,2
2132,inspiring,2
2133,hands,1
2134,qualitative,2
2135,posco,2
2136,steel,3
2137,jung-woo,1
2138,rebound,2
2139,crude,1
2140,responded,2
2141,prevent,5
2142,parallel,1
2143,quarter,2
2144,phase,5
2145,promising,1
2146,dandong,1
2147,chancellor,3
2148,chen,46
2149,suping,1
2150,signing,5
2151,non-face-to-face,1
2152,videoconference,2
2153,ruiping,1
2154,signed,5
2155,agreements,3
2156,shenyang,3
2157,long-standing,1
2158,stories,2
2159,southwestern,1
2160,harmony,3
2161,discussing,2
2162,veterans,2
2163,byung-koo,2
2164,appreciated,16
2165,byung-gu,1
2166,preservation,1
2167,facilities,6
2168,jing-guo,1
2169,93rd,1
2170,contributions,8
2171,safeguarding,10
2172,stood,2
2173,rain,2
2174,joo,8
2175,ho-young,5
2176,floor,3
2177,mind,10
2178,vividly,3
2179,​​a,2
2180,tae-nyeon,1
2181,damage,6
2182,greatly,5
2183,traffic,2
2184,decreased,1
2185,fortunately,1
2186,normalize,1
2187,jong-hwan,3
2188,avoid,3
2189,conversely,1
2190,exports,2
2191,period,11
2192,yongin,1
2193,gun-gi,1
2194,namyangju,1
2195,jo,3
2196,gwang-han,1
2197,loyalty,2
2198,bond,1
2199,threats,1
2200,missions,6
2201,peacekeeping,3
2202,escort,1
2203,hegemony,1
2204,task,5
2205,preciousness,1
2206,duty,1
2207,conflicts,2
2208,contributor,1
2209,permanent,3
2210,faithfully,2
2211,disaster,9
2212,sophomore,1
2213,hyein,1
2214,junmo,1
2215,speaking,2
2216,preliminaries,1
2217,harris,1
2218,harry,1
2219,fighting,5
2220,harm,2
2221,replacing,1
2222,leave,2
2223,rok-us,1
2224,us-china,1
2225,ambassadors,7
2226,abroad,9
2227,state-funded,2
2228,government-funded,1
2229,engraved,2
2230,earnest,1
2231,expectations,2
2232,hearts,5
2233,regarded,1
2234,glory,1
2235,scourge,1
2236,grades,2
2237,incessantly,1
2238,repay,2
2239,return,8
2240,participation,7
2241,private,14
2242,exerts,1
2243,faced,2
2244,cm,1
2245,tall,2
2246,weighed,1
2247,g.,1
2248,conduct,3
2249,'ai,1
2250,'le,1
2251,arrived,7
2252,examine,1
2253,influential,8
2254,focused,7
2255,hankuk,7
2256,pilot,2
2257,institutes,7
2258,signboard,4
2259,in-cheol,2
2260,hyun-cheol,2
2261,do-ho,1
2262,16th,14
2263,train,1
2264,majors,2
2265,elected,4
2266,attracts,1
2267,'learning,1
2268,mirror,2
2269,coexisting,1
2270,insists,2
2271,seeks,1
2272,educational,10
2273,tool,1
2274,chosun,8
2275,bang,6
2276,sang-hoon,5
2277,brought,3
2278,embodied,1
2279,outlet,1
2280,objectively,5
2281,view,6
2282,internal,2
2283,sentiments,1
2284,sales,2
2285,discussion,17
2286,charge,4
2287,wengeo,1
2288,yanhui,1
2289,ying,31
2290,zhongyuan,1
2291,baojun,2
2292,gansu,3
2293,byung-seok,7
2294,witness,1
2295,trembling,1
2296,anxiety,1
2297,display,3
2298,prospect,1
2299,topic,16
2300,concerns,1
2301,downhill,1
2302,institutional,2
2303,toughness,1
2304,stronger,4
2305,centered,2
2306,min-soon,2
2307,advantage,7
2308,situations,3
2309,'cooperation,1
2310,quarrels,1
2311,china-us,1
2312,storm,1
2313,location,1
2314,legends,1
2315,handed,1
2316,responding,16
2317,fundamentals,4
2318,geographical,3
2319,won-soon,8
2320,lifetime,2
2321,wreath,1
2322,manufacturing,1
2323,hyung-ki,1
2324,yong-chan,1
2325,surplus,1
2326,subject,5
2327,'post-corona,1
2328,talking,2
2329,electronics,7
2330,metallurgy,1
2331,equipment,2
2332,hwan,6
2333,xiatheren,1
2334,chwi,3
2335,simultaneously,3
2336,attach,4
2337,encouraging,3
2338,supporting,9
2339,grow,3
2340,talented,3
2341,starting,4
2342,seo,12
2343,seung-hwan,3
2344,innovative,3
2345,trusting,1
2346,companions,1
2347,broad,7
2348,lower-level,1
2349,exchanging,4
2350,discovering,2
2351,conducting,5
2352,sending,6
2353,directly,2
2354,bank,20
2355,jong-won,1
2356,foreign-funded,1
2357,ensued,1
2358,flags,3
2359,hoisting,1
2360,conversation,8
2361,pace,3
2362,unchanged,1
2363,stabilize,1
2364,existing,1
2365,woori,1
2366,tae-seung,1
2367,founded,7
2368,coping,2
2369,half,2
2370,revitalizing,1
2371,demand,6
2372,expanding,12
2373,livelihoods,3
2374,do-hoon,1
2375,discussed,5
2376,shinhan,1
2377,seong-jong,1
2378,ingeniously,1
2379,private-sector,3
2380,bridging,1
2381,minds,2
2382,changchun,1
2383,kai,1
2384,zijun,2
2385,messages,1
2386,participants,8
2387,valuable,1
2388,profound,3
2389,tomorrow,3
2390,winner,2
2391,'korea,2
2392,presentations,1
2393,undergraduate,1
2394,minji,2
2395,frustrations,1
2396,sincerity,5
2397,honored,2
2398,receive,4
2399,sokcho,1
2400,ki-young,2
2401,globalization,5
2402,organization,18
2403,wto,1
2404,beneficiaries,1
2405,free,2
2406,safeguard,5
2407,hanwha,3
2408,geum,1
2409,chun-soo,1
2410,top,4
2411,job,7
2412,priorities,1
2413,resolutely,3
2414,eradicate,2
2415,size,1
2416,push,4
2417,executive,8
2418,world-remarkable,1
2419,civilian,2
2420,irreplaceable,2
2421,employers,1
2422,kyung-sik,5
2423,sohn,7
2424,presidents,6
2425,lotte,18
2426,kolon,1
2427,byung-gyu,1
2428,munhwa,2
2429,practice,6
2430,leaving,1
2431,title,2
2432,'five,1
2433,detailed,10
2434,introduction,3
2435,​​building,1
2436,outlook,1
2437,strategies,3
2438,controllable,1
2439,confidence,2
2440,library,3
2441,'xi,1
2442,archive,1
2443,list,1
2444,caused,2
2445,sensation,1
2446,materials,13
2447,'read,1
2448,travel,12
2449,knowledge,12
2450,myung-hwan,1
2451,receives,1
2452,holds,2
2453,installed,1
2454,transmission,2
2455,guardians,1
2456,nurture,2
2457,ytn,1
2458,truth,3
2459,chan-hyung,1
2460,accepted,2
2461,'life,1
2462,ground,1
2463,'fast,1
2464,judicial,5
2465,court,3
2466,myung-soo,1
2467,courts,1
2468,'four,1
2469,fronts,1
2470,governed,1
2471,unify,1
2472,passage,3
2473,'war,1
2474,coming,1
2475,paranoid,2
2476,supportive,1
2477,tied,1
2478,fates,1
2479,tightly,1
2480,believed,1
2481,so-hee,1
2482,infrastructure,1
2483,welcomes,1
2484,attract,4
2485,toll,1
2486,prioritize,1
2487,realization,5
2488,sbs,1
2489,jung-hoon,1
2490,trend,3
2491,unilateralism,2
2492,spreading,4
2493,deployed,1
2494,tae-won,1
2495,impressed,1
2496,china-china,5
2497,chey,1
2498,30-year,1
2499,seobok,1
2500,young-sik,1
2501,young-geun,1
2502,bok,1
2503,seong-jae,1
2504,seong-je,1
2505,crucial,1
2506,planning,7
2507,wisdom,1
2508,fairly,1
2509,attracting,5
2510,jae-ho,3
2511,seok-hyun,2
2512,holdings,2
2513,delayed,1
2514,solidify,4
2515,accelerate,2
2516,nam-ki,1
2517,kevin,1
2518,reorganized,2
2519,snyder,1
2520,mckinsey,1
2521,hankyoreh,1
2522,hyun-dae,1
2523,gardens,1
2524,boosted,1
2525,powerful,2
2526,boost,1
2527,deliberated,1
2528,supplemented,1
2529,loopholes,1
2530,ensured,1
2531,controlling,1
2532,woong-rae,1
2533,direct,5
2534,deployment,1
2535,stabilizing,1
2536,yonhap,3
2537,seong-bu,1
2538,transparent,1
2539,73rd,1
2540,wha,2
2541,eun-hye,1
2542,creatively,1
2543,carrying,4
2544,post-covid-19,1
2545,manage,2
2546,utilizing,1
2547,series,2
2548,businessmen,1
2549,urgent,3
2550,seong-ho,10
2551,helpful,1
2552,applied,2
2553,accompanied,5
2554,attempt,1
2555,kbs,7
2556,seung-dong,1
2557,personally,3
2558,commanding,1
2559,deploying,1
2560,gradual,1
2561,debate,1
2562,setting,1
2563,epidemics,1
2564,mirrors,1
2565,sharing,8
2566,hardships,2
2567,tested,1
2568,accelerating,4
2569,resumption,3
2570,surely,16
2571,substantive,1
2572,accident,6
2573,lost,1
2574,icheon,2
2575,offered,3
2576,call,9
2577,gun,4
2578,large-scale,5
2579,occurred,4
2580,warehouse,1
2581,causing,1
2582,casualties,2
2583,property,2
2584,loss,1
2585,sad,1
2586,conveying,2
2587,victims,16
2588,wounded,2
2589,recover,1
2590,citizen,2
2591,handle,1
2592,follow-up,2
2593,jung-in,1
2594,severe,1
2595,jeong-in,1
2596,tae-shin,1
2597,heads,15
2598,third-country,1
2599,'breakfast,1
2600,presided,3
2601,associations,5
2602,chahar,1
2603,mask,3
2604,kn95,2
2605,protective,7
2606,countermeasures,1
2607,donations,9
2608,welcomed,44
2609,zhong,3
2610,nanshan,1
2611,jong-koo,1
2612,standards,3
2613,month,3
2614,engineering,1
2615,professor,4
2616,'communal,1
2617,jogye,4
2618,donghwa,1
2619,wonhaeng,2
2620,guangdong,3
2621,buddhism,9
2622,monk,4
2623,seonsa,1
2624,medical,13
2625,gyejong,1
2626,dong-min,2
2627,jlk,1
2628,inspection,5
2629,lastly,1
2630,plentiful,1
2631,'since,1
2632,temporary,2
2633,visas,1
2634,26th,8
2635,immigration,3
2636,suspension,1
2637,entry,3
2638,valid,1
2639,residence,22
2640,permits,1
2641,measure,2
2642,unavoidably,1
2643,referring,1
2644,methods,4
2645,people-to-people,19
2646,suspended,1
2647,nationals,3
2648,activities,23
2649,humanitarian,1
2650,consulate-general,1
2651,viruses,2
2652,plane,5
2653,confirmed,5
2654,english,9
2655,cross,4
2656,surgical,4
2657,additional,1
2658,transported,3
2659,shanghai,12
2660,n95,3
2661,suits,3
2662,occasions,2
2663,seung-hyeon,1
2664,instability,1
2665,increasing,4
2666,emerged,1
2667,stimulate,1
2668,shin-gon,1
2669,coordinator,5
2670,served,3
2671,appointment,25
2672,critical,1
2673,jung-sik,2
2674,notified,2
2675,instructions,2
2676,earlier,2
2677,perception,3
2678,tree,2
2679,kf94,1
2680,wrote,3
2681,worst,1
2682,snow,5
2683,firewood,2
2684,energized,1
2685,wuhan,8
2686,screen,2
2687,constricting,1
2688,reciprocated,1
2689,sang-hyun,1
2690,controlled,1
2691,dedicated,2
2692,account,3
2693,responses,1
2694,generous,2
2695,korean-chinese/chinese,1
2696,combat,1
2697,transferred,2
2698,step-by-step,1
2699,physically,1
2700,mentally,1
2701,assembled,1
2702,arrive,1
2703,remaining,1
2704,shipped,2
2705,sequentially,3
2706,ministries,6
2707,difficulty,1
2708,supplying,1
2709,initially,1
2710,shortage,1
2711,ruthless,1
2712,feeling,3
2713,henan,3
2714,hebei,3
2715,fujian,1
2716,tianjin,3
2717,secure,1
2718,competent,1
2719,increasingly,3
2720,tae-ho,2
2721,worth,3
2722,sympathetic,3
2723,informed,1
2724,diagnostic,1
2725,kits,1
2726,grateful,4
2727,rok,14
2728,courtesy,8
2729,freedom,1
2730,prepared,8
2731,warmed,1
2732,evening,26
2733,urgently,1
2734,departed,3
2735,myeong-dong,4
2736,slogan,2
2737,chi-won,3
2738,silla,2
2739,scholar,3
2740,studied,3
2741,tang,7
2742,cheer,2
2743,transport,6
2744,vehicle,1
2745,banner,1
2746,testing,1
2747,taego,1
2748,ho,1
2749,sect,2
2750,buddhist,5
2751,prayer,2
2752,homyeong,1
2753,inherited,1
2754,laws,2
2755,ancestors,1
2756,hui-neung,1
2757,relation,4
2758,monks,1
2759,temples,1
2760,praying,1
2761,saemangeum,3
2762,infection,12
2763,hyun-sook,1
2764,consensus,1
2765,national-level,1
2766,concern,1
2767,disease,4
2768,subside,1
2769,explains,1
2770,hana,1
2771,seong-gyu,1
2772,lot,12
2773,banks,2
2774,enter,3
2775,institutions,11
2776,participates,1
2777,profit,1
2778,young-bae,1
2779,severely,1
2780,contrast,1
2781,suffers,1
2782,spoke,4
2783,who는,1
2784,인플루엔자a,1
2785,h1n1,1
2786,who의,1
2787,publicly,1
2788,brothers,1
2789,sympathize,4
2790,pain,2
2791,hadong-gun,1
2792,sang-gi,3
2793,hadong,1
2794,foot,1
2795,mt,1
2796,jirisan,1
2797,scenery,5
2798,well-developed,2
2799,agriculture,2
2800,poem,1
2801,hwagae-dong,1
2802,dongguk,2
2803,young-ae,5
2804,actress,1
2805,appeared,4
2806,drama,1
2807,dae,1
2808,jang-geum,1
2809,posted,1
2810,sends,1
2811,staff,23
2812,struggling,1
2813,atomy,1
2814,han-gil,1
2815,co.,5
2816,ltd.,5
2817,numerous,3
2818,supplies,5
2819,feel,8
2820,intensified,1
2821,directions,3
2822,ride,1
2823,'help,1
2824,geun-tae,3
2825,front,4
2826,lines,1
2827,hubei,6
2828,nutrition,1
2829,yielded,10
2830,nexon,1
2831,neople,1
2832,jung-heon,1
2833,subsidiary,2
2834,jeong-heon,1
2835,plaque,5
2836,undoubtedly,1
2837,sang-bu,1
2838,pulmuone,2
2839,roots,1
2840,practicing,1
2841,corporate,1
2842,chu,140
2843,mi-ae,1
2844,crackdown,1
2845,sp,1
2846,drinking,1
2847,young-min,1
2848,greet,6
2849,battle,2
2850,wi,4
2851,jeong-hyeon,1
2852,game,6
2853,wie,3
2854,jeong-hyun,1
2855,donating,4
2856,officer,8
2857,sympathizes,1
2858,delivers,1
2859,charitable,1
2860,funds,2
2861,tirelessly,1
2862,hee-ok.,1
2863,bit,2
2864,hee-sang,3
2865,sanitation,1
2866,​​the,1
2867,unstinting,1
2868,inter-regional,4
2869,comfort,11
2870,unite,3
2871,mers,1
2872,stand,3
2873,yang-woo,1
2874,film,5
2875,systematic,1
2876,posture,1
2877,relatives,3
2878,extend,2
2879,kang-hyeon,1
2880,si-young,2
2881,kyung-sook,3
2882,intimacy,3
2883,evaluation,9
2884,price,1
2885,sector,3
2886,arena,1
2887,resolved,1
2888,young-joo,1
2889,money,4
2890,young-ju,1
2891,trading,5
2892,relief,6
2893,sanitizers,1
2894,formed,2
2895,countermeasure,1
2896,identify,1
2897,dong-ki,1
2898,smilegate,1
2899,nyang,1
2900,buy,2
2901,house,17
2902,glasses,1
2903,contact,4
2904,clothing,2
2905,qq.com,1
2906,branch,15
2907,meet,6
2908,donor,1
2909,email,2
2910,logistics,2
2911,transportation,9
2912,certificate,2
2913,3m,1
2914,credentials,4
2915,issued,5
2916,conversations,4
2917,chi,4
2918,jin-min,1
2919,isoi,1
2920,purchase,2
2921,cosmetics,1
2922,chihwan,1
2923,jinmin,1
2924,scrambled,1
2925,explain,1
2926,priority,1
2927,directives,1
2928,won-kyung,1
2929,cash,1
2930,rest,1
2931,lg,2
2932,sk차이나는,1
2933,sk종합화학은,1
2934,s는,1
2935,북경한미it유한공사는,1
2936,lg그룹은,1
2937,lg생활건강은,1
2938,spc,1
2939,lg하우시스는,1
2940,pvc,1
2941,cj그룹의,1
2942,cj롱칭은,1
2943,therapeutic,1
2944,infected,1
2945,progressing,2
2946,devil,1
2947,lab,2
2948,woo-deok,1
2949,pneumonia,1
2950,holder,2
2951,p.r.china,1
2952,note,2
2953,coronavirus-infected,1
2954,expatriates,1
2955,encourage,3
2956,receipt,1
2957,expressing,1
2958,expresses,1
2959,chinese-chinese,6
2960,celltrion,1
2961,heon-young,1
2962,alumni,3
2963,item,1
2964,se-young,4
2965,career,1
2966,prove,1
2967,completely,1
2968,ki-mo,1
2969,submitted,1
2970,copy,2
2971,leap,3
2972,china-korea-china,2
2973,extraordinary,1
2974,plenipotentiary,2
2975,yeon-kwang,1
2976,pleased,4
2977,familiar,1
2978,peninsula-related,1
2979,guo-hong,131
2980,transfer,3
2981,hak-gyu,3
2982,bareun,2
2983,mirae,5
2984,hong-goo,1
2985,pay,5
2986,macau,2
2987,academia,2
2988,mid-december,2
2989,ju-young,3
2990,seung-yong,1
2991,died,1
2992,duties,2
2993,hae-chan,2
2994,kyo-an,1
2995,liberty,1
2996,shim,7
2997,sang-jeong,1
2998,dong-young,1
2999,liberalization,1
3000,co-hosted,16
3001,han-kyu,11
3002,joo-young,2
3003,sang-sang,1
3004,unsparing,1
3005,gba,1
3006,tsai,4
3007,guan-shean,1
3008,kuk-pyeong,1
3009,won-jin,2
3010,yuegangao,1
3011,interconnectedness,1
3012,yong-woong,1
3013,mi-kyung,1
3014,ventures,1
3015,entrepreneurs,3
3016,guohong,7
3017,raise,1
3018,hak-yong,2
3019,moo-seong,4
3020,pursuing,1
3021,inviting,10
3022,violence,1
3023,reasons,1
3024,reflected,2
3025,regrettable,1
3026,emotional,1
3027,campuses,1
3028,strictly,1
3029,freedoms,1
3030,incidents,1
3031,destroy,1
3032,weakness,1
3033,photographic,1
3034,lawyers,1
3035,night,5
3036,hyun-woong,1
3037,dignitaries,1
3038,emeritus,1
3039,ok-hyeon,1
3040,launching,1
3041,touring,1
3042,tolerates,1
3043,69th,1
3044,seong-nam,5
3045,91st,1
3046,chibais,1
3047,creative,4
3048,artistic,4
3049,woodworking,1
3050,masters,1
3051,engravings,1
3052,exhibited,4
3053,tools,1
3054,handwritten,1
3055,manuscripts,2
3056,videos,1
3057,mr.,4
3058,ordinary,1
3059,compatriots,11
3060,mid-autumn,4
3061,prosperous,5
3062,talk,1
3063,invite,2
3064,suwon,4
3065,daejeon,5
3066,gwangju,7
3067,hansung,12
3068,yanguang,2
3069,walking,2
3070,68th,2
3071,namsan,3
3072,mountain,4
3073,23rd,6
3074,diplomats,22
3075,yeongdeungpo,2
3076,mun,1
3077,young-hyang,1
3078,dongsim,1
3079,25th,15
3080,acting,21
3081,tensions,2
3082,banquet,7
3083,writer,1
3084,meirin,1
3085,eun-cheol,1
3086,cellist,1
3087,hae-eun,1
3088,guitarist,1
3089,dae-geon,1
3090,90th,4
3091,fundamental,3
3092,favorable,2
3093,dunongyi,2
3094,consolation,5
3095,dongchun,3
3096,troupe,5
3097,dead,3
3098,residing,10
3099,audience,12
3100,calendar,1
3101,china・dead,1
3102,reach,1
3103,prosper,2
3104,elementary,13
3105,hanseong,17
3106,teachers,14
3107,kindergarten,2
3108,107th,1
3109,athletic,2
3110,invitation,61
3111,schebin,1
3112,jun-wook,1
3113,chang-shik,1
3114,jung-gu,5
3115,dam,4
3116,67th,1
3117,jae-cheol,3
3118,so-young,3
3119,harmonious,4
3120,invitational,4
3121,tibet,3
3122,tibetan,3
3123,cheontaed,1
3124,yan-zhong,1
3125,ethnology,1
3126,anthropology,1
3127,89th,1
3128,sovereignty,3
3129,dunongi,2
3130,dujong,1
3131,arbitration,2
3132,thaad,1
3133,philippines,1
3134,convention,2
3135,tribunal,1
3136,unilateral,1
3137,statement,4
3138,jurisdiction,4
3139,territorial,2
3140,hereinafter,1
3141,referred,2
3142,invalid,1
3143,respectfully,1
3144,dispute,2
3145,arbitral,1
3146,proposal,1
3147,constituted,1
3148,binding,1
3149,accepts,1
3150,acknowledges,1
3151,unilaterally,1
3152,filed,1
3153,islands,1
3154,waters,2
3155,nansha,1
3156,dongsha,1
3157,shisa,1
3158,zhongsha,1
3159,exercised,1
3160,peacefully,1
3161,restored,1
3162,illegally,1
3163,island,6
3164,seas,1
3165,contiguous,1
3166,exclusive,1
3167,continental,1
3168,consistent,1
3169,reaffirm,1
3170,joo-seon,1
3171,chun,82
3172,jun-ji,9
3173,yong-hoon,2
3174,reviewer,1
3175,young-hoon,1
3176,korea-japan-china,1
3177,contents,5
3178,bo-geun,1
3179,yoshiaki,1
3180,takeuchi,1
3181,cheon,7
3182,distribution,1
3183,satisfactory,4
3184,enthusiasm,3
3185,consolidate,1
3186,kwanhun,1
3187,journalists,1
3188,chang-ting,19
3189,xiao-chun,16
3190,chang-ki,1
3191,fund,3
3192,kang-deok,2
3193,editorial,7
3194,board,8
3195,dozen,2
3196,donga,1
3197,editor-in-chief,9
3198,departments,9
3199,afternoon,12
3200,valued,1
3201,publishing,2
3202,publication,3
3203,jiaotong,1
3204,jar,1
3205,style,1
3206,readers,1
3207,version,3
3208,coex,3
3209,songdo,2
3210,convensia,1
3211,kyung-soo,5
3212,tae-yeol,4
3213,jong-wook,7
3214,co-ceo,1
3215,reached,15
3216,contributes,1
3217,jun-pyo,1
3218,sang-soo,2
3219,sang-su,1
3220,reinforcing,1
3221,socially-civilized,1
3222,monkey,1
3223,happy,13
3224,opera,5
3225,fashion,1
3226,closing,4
3227,explanation,5
3228,crystal,2
3229,sangmyung,1
3230,airlines,6
3231,cheered,2
3232,dreams,5
3233,xiaofei,4
3234,performances,8
3235,musical,1
3236,ballet,3
3237,all-korean,2
3238,all-korea,2
3239,year-end,9
3240,sam-koo,10
3241,ro-seung,3
3242,cheon-seo,6
3243,awarding,1
3244,embassy-related,1
3245,fruitful,1
3246,emphasizing,2
3247,autumn,4
3248,hold,8
3249,seol,2
3250,young-heung,1
3251,advisor,10
3252,su-su,1
3253,principal,3
3254,​​and,6
3255,school-related,1
3256,rubbing,1
3257,yangzhou,2
3258,carving,1
3259,walker,1
3260,gaewon,1
3261,dong-ik,1
3262,gwang-ling,1
3263,bazaar,8
3264,store,1
3265,booth,8
3266,proceeds,3
3267,san,5
3268,gwanghwamun,2
3269,plaza,5
3270,venue,3
3271,crowded,3
3272,sky,2
3273,pleasant,2
3274,gs,5
3275,caltex,3
3276,jtbc,4
3277,lasted,2
3278,hours,3
3279,photos,1
3280,eul-dong,3
3281,reflect,1
3282,militaristic,4
3283,victory/historical,1
3284,seong,3
3285,nak-in,1
3286,archives,1
3287,cut,3
3288,tape,2
3289,jong-seo,1
3290,woo-il,1
3291,geun-bae,1
3292,si-jong,4
3293,chungcheongbuk-do,6
3294,chungbuk,2
3295,hong-ge,1
3296,abundant,16
3297,folk,7
3298,yeouido,1
3299,dong,9
3300,min-ji,4
3301,relics,1
3302,archaeological,1
3303,ancient,1
3304,baekje,1
3305,museum,7
3306,rare,2
3307,weijin,1
3308,dynasties,1
3309,alliance,2
3310,gyu-baek,1
3311,ik-pyo,1
3312,constructive,4
3313,koreas,2
3314,negotiations,4
3315,ease,1
3316,geun-hye,13
3317,fascism,1
3318,shine,1
3319,assassination,1
3320,gu,6
3321,bloody,1
3322,battlefield,1
3323,flames,1
3324,europe,1
3325,resisted,1
3326,fascist,1
3327,inkstone,1
3328,gwacheon,1
3329,chusa,1
3330,gye-yong,1
3331,ip-gok,1
3332,putting,1
3333,oipgok,1
3334,artwork,2
3335,collection,1
3336,gwacheon-si,1
3337,ho-chang,1
3338,bong-seon,1
3339,sun,75
3340,yan,8
3341,xun,2
3342,application,8
3343,e-mail,1
3344,write,1
3345,exporter,1
3346,articles,1
3347,memories,1
3348,listing,1
3349,deadline,2
3350,chnemb_cs,1
3351,hotmail.com,1
3352,2-gil,1
3353,2-ga,1
3354,ping,5
3355,yeom,1
3356,tae-young,2
3357,jin-suwon,1
3358,headed,22
3359,scale,2
3360,breakfast,8
3361,penglan,1
3362,consulate,13
3363,byeong-soo,1
3364,peng-lan,2
3365,consul,20
3366,lectures,3
3367,handles,1
3368,perspectives,3
3369,flute,1
3370,hong-geo,16
3371,deh,2
3372,manager,4
3373,kyung-nam,1
3374,french,1
3375,no-hwang,1
3376,toured,12
3377,tv,9
3378,studio,3
3379,bok-rae,1
3380,managing,3
3381,chang-seop,1
3382,audit,2
3383,choong-heon,6
3384,directors,3
3385,12th,14
3386,wuyi,1
3387,in-ja,1
3388,mandarin,1
3389,ki-soo,1
3390,tao,1
3391,interacting,3
3392,young-bin,1
3393,association-korea,1
3394,working-level,1
3395,seung-ho,1
3396,equal,1
3397,co-development,1
3398,accepting,1
3399,civilizations,1
3400,anhui,3
3401,roadshow,1
3402,hua,1
3403,jianhui,1
3404,young-chung,1
3405,nam,6
3406,sang-man,1
3407,focus,4
3408,silk,6
3409,byeong-gwan,1
3410,seong-ok,1
3411,researchers,1
3412,identified,2
3413,keywords,1
3414,features,1
3415,hae-gun,2
3416,seong-hak,1
3417,gyeong-cheol,2
3418,hanmaeum,1
3419,sook-ja,1
3420,eom,1
3421,eun-ha,1
3422,byeong-dang,1
3423,chosun》,1
3424,publishes,4
3425,magazines,4
3426,publications,1
3427,《sports,1
3428,《weekly,2
3429,operates,5
3430,serviced,2
3431,languages,2
3432,​​such,1
3433,cable,1
3434,commemorative,5
3435,educating,1
3436,beauty,2
3437,swing,1
3438,bloom,2
3439,shwebin,1
3440,kyunghee,1
3441,seung-han,1
3442,kyung,1
3443,campus,1
3444,xu,12
3445,jianping,1
3446,jin-young,1
3447,bon,1
3448,entering,4
3449,huo,1
3450,chigang,1
3451,shin-nam,1
3452,tofu,1
3453,factory,1
3454,sorting,1
3455,​​led,1
3456,chang,175
3457,eumseong,1
3458,branches,2
3459,chengdu,3
3460,riding,1
3461,performed,6
3462,rich,12
3463,singer,1
3464,warm,11
3465,magnificent,1
3466,joo-seong,1
3467,zer,1
3468,jing,1
3469,volunteer,4
3470,levels,1
3471,revival,3
3472,airports,2
3473,air,3
3474,passengers,4
3475,achievement,1
3476,gimpo,3
3477,seong-tae,1
3478,seok-ki,1
3479,bessho,1
3480,koro,1
3481,se-gi,5
3482,cheong-won,1
3483,hao,3
3484,xiao-pei,1
3485,noh-seung,1
3486,chaired,2
3487,hye-young,2
3488,jae-joong,1
3489,yun-jo,2
3490,young-pyo,1
3491,jun-je,2
3492,positions,2
3493,meng,3
3494,chiliang,1
3495,resource,1
3496,electronic,2
3497,liang,2
3498,jeon-ying,1
3499,lady,8
3500,tangqingyi,1
3501,zhenying,1
3502,qiu,1
3503,tenghua,1
3504,niederchuan,1
3505,shan,1
3506,warmly,7
3507,ki-jeong,1
3508,lawmakers,9
3509,creation,1
3510,ship,8
3511,heavy,8
3512,container,6
3513,naming,6
3514,cscl,2
3515,globe,1
3516,shi,6
3517,ri-long,1
3518,class,2
3519,teu,1
3520,ships,3
3521,ulsan,4
3522,"19,100teu",1
3523,symphony,3
3524,orchestra,4
3525,operas,1
3526,feng,27
3527,xuebin,1
3528,nurturing,1
3529,pursue,1
3530,rmb,2
3531,clearing,1
3532,supervisory,1
3533,shi-ming,1
3534,wenhui,1
3535,kyung-hwan,1
3536,ju-yeol,1
3537,soo-hyun,1
3538,traditions,1
3539,sheng-xuan,1
3540,apply,1
3541,marketplace,1
3542,low-income,1
3543,charity,6
3544,square,6
3545,soo-gil,1
3546,organizers,2
3547,token,1
3548,eighth,1
3549,consecutive,1
3550,dragon,2
3551,seoul-china,2
3552,eye,1
3553,dances,2
3554,hak-joon,2
3555,ja-eok,1
3556,chung-yang,1
3557,pai,1
3558,chai,4
3559,young-ho,4
3560,historic,3
3561,performing,7
3562,guest,2
3563,jae-wal,2
3564,shiruilin,1
3565,jazz,1
3566,wonkwang,1
3567,honam,1
3568,se-hyeon,1
3569,medicine,1
3570,myeong-guk,1
3571,liao,2
3572,danfang,1
3573,liu,10
3574,chi-jun,1
3575,iksan,1
3576,65th,2
3577,tae-yong,5
3578,journalism,1
3579,sang-ju,1
3580,ji-won,2
3581,ji-young,1
3582,ryu,9
3583,ki-ho,1
3584,tourist,1
3585,chong-rong,1
3586,ki-hyeon,1
3587,motor,1
3588,dongbusan,1
3589,peripheral,1
3590,consuls,3
3591,tae-ik,1
3592,rqfii,1
3593,commercial,4
3594,lyon,2
3595,seo-sang,1
3596,qualified,1
3597,investors,1
3598,asset,1
3599,custody,1
3600,division,4
3601,seong-rae,1
3602,saenuri,7
3603,junji,1
3604,jong-hoon,2
3605,young-woo,1
3606,implementing,3
3607,perceptions,1
3608,22nd,3
3609,kumho,4
3610,asiana,5
3611,kwan-yong,1
3612,xiaohan,1
3613,donga》,1
3614,cha-su,1
3615,types,4
3616,《shin,1
3617,multilingual,3
3618,site,9
3619,won-geun,1
3620,chung-heon,1
3621,earthquake-affected,6
3622,ludian,1
3623,yunnan,5
3624,earthquake,11
3625,earthquake-stricken,2
3626,regain,1
3627,homes,1
3628,yong-shik,1
3629,publisher,1
3630,weekly,1
3631,seok-hyeon,5
3632,hoon,3
3633,visa,4
3634,centers,2
3635,frequent,3
3636,window,4
3637,officers,4
3638,87th,1
3639,gil-jae,2
3640,sung,4
3641,ryoo,1
3642,sino-rok,2
3643,vice-presidents,1
3644,gap-yun,1
3645,parliaments,12
3646,eui-hwa,6
3647,han-gyu,2
3648,donhuang,1
3649,dunhuang,1
3650,painting,4
3651,pilgrimage,1
3652,jianning,1
3653,gansuseong,1
3654,seol-hoon,2
3655,importers,2
3656,changting,8
3657,yong-man,1
3658,trade-related,1
3659,trade-investment,4
3660,kotra,2
3661,superiority,2
3662,western,3
3663,dano,1
3664,migrant,1
3665,seong-man,1
3666,bells,1
3667,su,2
3668,rui-lin,2
3669,jian,3
3670,initiatives,1
3671,thanked,13
3672,sinking,2
3673,sewol,2
3674,ferry,3
3675,substantiate,1
3676,byung-se,7
3677,blueprints,1
3678,infuse,1
3679,deok-min,1
3680,six-party,6
3681,surrounding,2
3682,sam-deuk,1
3683,interacted,1
3684,dunong,1
3685,faculty,1
3686,hyun,3
3687,oh-seok,2
3688,yeon-chun,1
3689,steadfastly,1
3690,walk,1
3691,inaugural,2
3692,cheol-ki,1
3693,malaysian,1
3694,disappearance,3
3695,sang-jik,1
3696,fugui,1
3697,hong-won,4
3698,chunhai,36
3699,districts,1
3700,inspected,9
3701,daeju,2
3702,kc,2
3703,bridgehead,1
3704,gateway,2
3705,hub,1
3706,cargoes,1
3707,encouraged,7
3708,young-chang,1
3709,xiaochun,3
3710,greeted,5
3711,genuine,1
3712,dedication,1
3713,repatriation,1
3714,sang-gyun,1
3715,mong-joon,4
3716,completion,4
3717,consisting,3
3718,phd,1
3719,protections,1
3720,pure,1
3721,malaysia,2
3722,flight,4
3723,parliament,2
3724,chang-hee,5
3725,kunming,3
3726,terrorist,3
3727,attack,2
3728,terrorism,2
3729,targeting,2
3730,unacceptable,1
3731,reunification,4
3732,anti-獨促統,1
3733,seok,3
3734,saeng-goe,1
3735,tech,1
3736,sigong,1
3737,multimedia,1
3738,male,2
3739,spouses,2
3740,trip,1
3741,siongong,1
3742,ki-seok,1
3743,specializing,1
3744,woo-yeo,3
3745,criticized,1
3746,terror,1
3747,incident,2
3748,crime,1
3749,witnessed,1
3750,sessions,6
3751,condemnation,1
3752,civilians,1
3753,appropriately,1
3754,su-han,3
3755,singing,2
3756,condolence,1
3757,korea-related,4
3758,aims,2
3759,legitimate,1
3760,jeon-min,2
3761,resume,1
3762,jin-liang,1
3763,complementary,3
3764,mong-jun,2
3765,goodbye,1
3766,yield,2
3767,consisted,2
3768,jong-hyeon,1
3769,anew,2
3770,right-wing,3
3771,abe,3
3772,yasukuni,3
3773,cunning,1
3774,excuses,2
3775,pull,1
3776,reins,1
3777,brink,1
3778,horse,1
3779,wing,2
3780,wheel,1
3781,upside,1
3782,ii,1
3783,mistakes,2
3784,claims,1
3785,acquaintances,1
3786,lavishly,1
3787,decorated,3
3788,lanterns,2
3789,five-colored,1
3790,strings,1
3791,ripening,1
3792,holidays,3
3793,station,4
3794,bitter,2
3795,melted,1
3796,inside,3
3797,convenient,1
3798,full-scale,1
3799,applicants,2
3800,auspicious,1
3801,fell,1
3802,shinzo,2
3803,gain,3
3804,wrong,1
3805,reflects,2
3806,corrects,1
3807,sophistry,1
3808,vain,1
3809,colonial,1
3810,bok-deuk,1
3811,recognize,1
3812,superintendent,2
3813,don,1
3814,testimony,1
3815,victim,1
3816,mobilization,1
3817,reply,1
3818,defend,1
3819,applications,1
3820,min-je,1
3821,vice-director,3
3822,yui,2
3823,pm,2
3824,fax,1
3825,//www.visaforchina.org,1
3826,visaforchina.org,1
3827,monday,1
3828,friday,1
3829,saturdays,1
3830,sundays,1
3831,namdaemun-ro,1
3832,5-ga,1
3833,opposite,1
3834,seoulsquarecenter,1
3835,honamsan,1
3836,toegye-ro,1
3837,kukdong,1
3838,namsansquarecenter,1
3839,ho-moon,1
3840,reforms,1
3841,xi'an,2
3842,kyung-seon,1
3843,yoon-hee,1
3844,jeong-do,2
3845,sang-cheol,5
3846,editor,5
3847,xiaos,1
3848,macroeconomic,2
3849,xiaosu,1
3850,start-up,1
3851,jung-geun,1
3852,warn,1
3853,monument,1
3854,denies,1
3855,challenging,1
3856,criminals,1
3857,invasion,1
3858,defy,1
3859,lay,1
3860,blueprint,3
3861,broke,1
3862,record,1
3863,qi-jing,1
3864,chi-jeong,2
3865,jin-ha,2
3866,ma,6
3867,young-sam,4
3868,farewell,3
3869,shin-sun,194
3870,removed,2
3871,min-chin,66
3872,chun-tai,33
3873,departure,1
3874,component,11
3875,renewed,1
3876,constant,1
3877,term,2
3878,consolidated,1
3879,assistance,2
3880,acclaim,1
3881,young-il,6
3882,table,3
3883,tennis,3
3884,tournament,3
3885,chuntai,12
3886,tight,1
3887,legislators,1
3888,peng,24
3889,jiechi,6
3890,discussions,2
3891,jie-chi,3
3892,jang-su,1
3893,beijing-seoul,1
3894,actors,4
3895,theater,7
3896,xiaoqiao,1
3897,seong-han,3
3898,ku,2
3899,eun-su,1
3900,ho-yun,1
3901,constantly,15
3902,tianhai,4
3903,opening-up,1
3904,hyung-nam,1
3905,jong-dae,1
3906,arranging,2
3907,styles,1
3908,chrysanthemums,1
3909,aesthetics,1
3910,enjoyment,1
3911,tsai-wu,1
3912,declaration,2
3913,china-korea-japan,3
3914,jin-ryong,2
3915,hakubun,1
3916,shimomura,1
3917,kingdoms,2
3918,heritage,2
3919,64th,1
3920,vigorously,1
3921,capita,1
3922,baogang,1
3923,bgm,1
3924,processing,1
3925,gns,1
3926,huh,5
3927,won-bo,1
3928,chung-hee,1
3929,enterprise,1
3930,sru,1
3931,shihui,1
3932,closest,2
3933,expanded,4
3934,perspective,2
3935,enhance,6
3936,reciprocity,2
3937,capacity,1
3938,proven,1
3939,​​china,1
3940,basically,1
3941,tourists,9
3942,passenger,1
3943,staying,1
3944,depart,1
3945,consular,3
3946,chartered,1
3947,haina,1
3948,operated,2
3949,'hai,1
3950,belonging,1
3951,hearing,1
3952,detention,1
3953,activated,3
3954,se-hyeong,1
3955,kyung-sun,1
3956,weimin,1
3957,gear,1
3958,shigeo,1
3959,iwatani,1
3960,tilted,1
3961,iwatai,1
3962,embassies,7
3963,46th,1
3964,seung-cheol,1
3965,jianhua,1
3966,xin-sun,69
3967,zhanghua,1
3968,extensive,2
3969,yanbian,1
3970,chul,2
3971,dong-gi,1
3972,piano,1
3973,sonata,1
3974,oboe,1
3975,hong-koo,3
3976,bloggers,1
3977,hwangu,1
3978,anchor,1
3979,ding,1
3980,so-chun,1
3981,forest,5
3982,recreational,1
3983,forests,1
3984,recreation,1
3985,inspiration,1
3986,sui,2
3987,xiangqin,1
3988,merit,1
3989,soon-to-be-resigned,1
3990,shang-chin,1
3991,xue-bin,1
3992,successor,1
3993,retirement,1
3994,jingming,3
3995,86th,1
3996,hwan-ik,2
3997,electric,1
3998,tighter,1
3999,attaching,1
4000,delegations,6
4001,hyun-seok,1
4002,workshop,2
4003,craftsmanship,1
4004,handicraft,1
4005,myung-gyu,1
4006,metal,2
4007,seongnam,5
4008,techniques,1
4009,craftsmen,1
4010,myeong-gyu,1
4011,inherit,1
4012,handicrafts,1
4013,elegant,2
4014,color,2
4015,popularity,1
4016,francisco,1
4017,assess,1
4018,hospitals,1
4019,requested,2
4020,crash,1
4021,on-call,1
4022,zheng,2
4023,xiang,2
4024,lushan,3
4025,gangwon,1
4026,fail,1
4027,photoelectricity,1
4028,fuchao,1
4029,cgv,1
4030,chaowei,1
4031,ziyi,1
4032,movie,3
4033,jia,4
4034,xuan,4
4035,sin-sun,24
4036,haifeng,1
4037,vice-president,4
4038,ki-bung,2
4039,chul-ki,1
4040,jun-yong,1
4041,players,5
4042,hua-jung,40
4043,yu-sang,3
4044,zhu,6
4045,yonggyeong,2
4046,watched,5
4047,magazine,1
4048,lu,3
4049,edition,1
4050,hwabo,1
4051,cai-long,1
4052,corps,5
4053,noisy,1
4054,carefully,1
4055,blue-and-white,1
4056,tea,2
4057,gift,1
4058,phrases,1
4059,analects,1
4060,artistry,1
4061,nonpartisan,1
4062,ki-joon,1
4063,inter-party,2
4064,hee-young,2
4065,transcending,1
4066,walls,1
4067,round,3
4068,inspector,2
4069,wen-sang,1
4070,propaganda,3
4071,gwangmyeong,1
4072,writers,1
4073,segi,1
4074,demands,1
4075,aspirations,1
4076,adapt,1
4077,mainstream,1
4078,moo-seung,1
4079,zhao-yong,1
4080,noting,1
4081,zhai,1
4082,weihua,1
4083,dun-shin,1
4084,vice-minister,1
4085,tingyan,3
4086,explaining,4
4087,jae-won,1
4088,ru,2
4089,su-min,3
4090,chinese-korean,4
4091,masterpiece,2
4092,byeong-yong,2
4093,village,4
4094,hanmadang,2
4095,sister,1
4096,nationalities,1
4097,enjoyed,3
4098,smiles,1
4099,necessities,1
4100,colorfully,1
4101,noble,1
4102,donate,1
4103,nosan,2
4104,sacheon,1
4105,restoration,2
4106,seized,1
4107,invest,3
4108,jeong-rok,1
4109,zhikai,1
4110,rivers,1
4111,informational,1
4112,laoshan,2
4113,rebuild,2
4114,chang-gyu,1
4115,tire,1
4116,deeds,1
4117,keqiang,2
4118,mobilizing,1
4119,realistic,2
4120,intangible,1
4121,instruments,1
4122,municipal,5
4123,hyun-jae,1
4124,hongyinjae,1
4125,melody,1
4126,kinds,2
4127,kwang-ho,1
4128,ki-nam,1
4129,hae-jin,1
4130,kyung-pil,2
4131,hye-hoon,1
4132,hwa-jung,10
4133,chang-soo,4
4134,fki,2
4135,myeong-soo,1
4136,shopping,1
4137,tae-soo,1
4138,byung-gil,1
4139,organized,4
4140,lanjing,1
4141,desire,1
4142,nanjeong,1
4143,sangsangahjip,1
4144,exchange-related,1
4145,public-friendliness,1
4146,countries.心連心,1
4147,gap-young,1
4148,interconnected,1
4149,preferred,3
4150,british,1
4151,thatcher,1
4152,margaret,1
4153,myung-rok,1
4154,mourn,1
4155,passing,4
4156,scott,1
4157,whitman,1
4158,doubles,1
4159,singles,1
4160,mrs.,3
4161,xin,4
4162,comeback,1
4163,defeating,1
4164,player,1
4165,kyung-shik,2
4166,test,3
4167,chairs,1
4168,macao,2
4169,premier,2
4170,zhengsheng,1
4171,pangong,2
4172,zheng-sheng,1
4173,ph.d.,1
4174,honor,1
4175,self-supporting,1
4176,wei-sang,2
4177,seo-ri,1
4178,wishes,2
4179,chavez,1
4180,venezuelan,1
4181,hugo,1
4182,guestbook,1
4183,heon-shik,1
4184,heon-sik,1
4185,internet-related,1
4186,wen,5
4187,jiabao,5
4188,good-needs,1
4189,desires,1
4190,j-china,2
4191,kyo-jun,1
4192,xuhui,1
4193,gyo-jun,1
4194,jihyeon,1
4195,gyung,1
4196,beom,1
4197,beopgwang,1
4198,attendees,2
4199,ji-hyeon,2
4200,hua-zhong,11
4201,auditorium,2
4202,paichai,1
4203,filled,6
4204,laughter,1
4205,cheers,2
4206,academics,1
4207,young-kyo,1
4208,capabilities,2
4209,pride,1
4210,shindongyangbanjeom,2
4211,weisin,1
4212,housing,1
4213,do-yeop,1
4214,young-sook,1
4215,pangyo,1
4216,ki-bong,1
4217,compassionate,1
4218,hometown,3
4219,changhua,2
4220,chongqing,3
4221,cham,1
4222,self-sufficient,1
4223,tirimuratituulhong,1
4224,compassion,1
4225,yeon-cheon,1
4226,janghwa,1
4227,chang-koo,1
4228,yong-gwan,1
4229,vocational,1
4230,yun-gil,1
4231,chin,2
4232,citizenship,1
4233,yoon-gil,1
4234,meticulous,4
4235,hu,10
4236,jintao,8
4237,byeon,3
4238,bong-deok,3
4239,centralized,1
4240,body,2
4241,ja,1
4242,seung-beop,1
4243,shen,6
4244,xiaogang,5
4245,baosheng,1
4246,bao-sheng,1
4247,cadre,1
4248,minority,2
4249,agricultural,4
4250,rural,1
4251,yun-kun,1
4252,producing,2
4253,jiang,1
4254,su-jun,1
4255,judiciary,2
4256,speed,2
4257,sujun,1
4258,literary,3
4259,programs,3
4260,catching,1
4261,lamp,1
4262,lit,1
4263,leaves,2
4264,guoqing,1
4265,tanjing,1
4266,passionately,1
4267,byung-hyeon,5
4268,adhere,1
4269,emerging,2
4270,risen,1
4271,decade,1
4272,adhered,1
4273,sentence,1
4274,marking,1
4275,ying-jong,2
4276,weiyang,1
4277,understood,2
4278,shih,1
4279,dun-sin,1
4280,sang-beom,2
4281,urbanization,1
4282,sinhwasa,1
4283,kwangbo,1
4284,gwagi,1
4285,lawchi,1
4286,di-ri,1
4287,recital,1
4288,chin-min,1
4289,spectators,3
4290,diri,1
4291,passionate,3
4292,fans,1
4293,31st,4
4294,pianist,1
4295,solo,1
4296,observer,1
4297,drew,1
4298,technique,1
4299,enthusiastic,3
4300,beethoven,1
4301,emotion,1
4302,graceful,1
4303,lyrical,1
4304,rainbow,1
4305,myung-bak,12
4306,distinguished,3
4307,k-pop,1
4308,boys,1
4309,chiefs,3
4310,jiang-ting,1
4311,deok,2
4312,tu,2
4313,jie,1
4314,tien,1
4315,elderly,1
4316,fellowship,1
4317,virtue,1
4318,eve,4
4319,technological,3
4320,guoan,1
4321,yul-rae,1
4322,yu-mi,1
4323,paradigm,1
4324,chang-ju,1
4325,conductor,1
4326,xinqiao,1
4327,woong-zu,1
4328,gongcheongdan,1
4329,pungchun,3
4330,dispatching,1
4331,lantern,1
4332,audiences,4
4333,perform,1
4334,​​heung-gil,1
4335,koh,3
4336,gyeong-won,1
4337,visitors,1
4338,performers,2
4339,sumin,2
4340,presentation,1
4341,seong-hwan,12
4342,suggestion,1
4343,ximing,1
4344,joo-jeong,1
4345,sihanouk,1
4346,cambodian,1
4347,king,1
4348,kysim,1
4349,chan,2
4350,forever,1
4351,weija,1
4352,cup,1
4353,season,1
4354,cheongomabi,1
4355,mapo-gu,1
4356,kyung-myeong,1
4357,byung-hun,2
4358,byeong-joo,1
4359,involved,2
4360,listening,1
4361,explanations,1
4362,dae-sa,1
4363,glorious,1
4364,cheongju,3
4365,yu-shang,1
4366,63rd,1
4367,yong,4
4368,esperanto,1
4369,qingdao,2
4370,kicks,1
4371,cutting,1
4372,wee,1
4373,seong-ji,1
4374,choong-gi,1
4375,twenty,1
4376,shi-jong,1
4377,korean-koreans,1
4378,lively,5
4379,qi,1
4380,lufeng,1
4381,byung-tae,3
4382,praise,1
4383,kyu-hyun,1
4384,changhwa,1
4385,sang-deuk,2
4386,hong-jun,2
4387,rep,1
4388,won-tae,1
4389,zhang-ting,1
4390,xiao-hong,1
4391,drug,1
4392,xiaohong,1
4393,won-ping,3
4394,zhi-li,1
4395,ji-ri,2
4396,'press,1
4397,hyung-ju,1
4398,inminmang,1
4399,tape-cutting,3
4400,currency,1
4401,card,1
4402,hantong,1
4403,zhangting,2
4404,biao,2
4405,kwang-shik,1
4406,commemoration,1
4407,fishing,1
4408,sang-hwan,1
4409,seongnam-si,2
4410,sang-ho,2
4411,interior,5
4412,hee-jeong,1
4413,neung-jin,1
4414,cheonan,2
4415,daming,1
4416,da-ming,1
4417,destination,1
4418,sangdong,1
4419,85th,1
4420,guojung,1
4421,yeosu,9
4422,pavilions,1
4423,popular,1
4424,attendants,1
4425,'coexistence,1
4426,flash,1
4427,nand,1
4428,usd,1
4429,zhengyong,1
4430,giheung,1
4431,oh-hyun,1
4432,managers,2
4433,observation,1
4434,jian-ju,2
4435,geun-min,2
4436,jianzhu,2
4437,prior,2
4438,chi-san,1
4439,jae-wan,3
4440,ocean,4
4441,qishan,2
4442,interdependence,1
4443,communicates,1
4444,qi-jeong,1
4445,self-government,1
4446,hang-in-hang,1
4447,breathing,2
4448,wan,1
4449,jifei,1
4450,kyungsik,1
4451,seokwoo,1
4452,seok-woo,1
4453,guangxi,5
4454,attraction,1
4455,gwangsi,1
4456,cheon-ryang,1
4457,yeou-guk,1
4458,eastern,1
4459,celebrations,1
4460,qu,1
4461,kyung-moo,1
4462,jeju-do,1
4463,zhengchai,1
4464,wei-gun,1
4465,dinner,1
4466,8-day,1
4467,byung-hyun,2
4468,evaluations,1
4469,religious,3
4470,jungjong,1
4471,qiankui,1
4472,zhonghua,1
4473,muslim,1
4474,deng,2
4475,zhongliang,1
4476,religions,1
4477,hwa,1
4478,qigong,1
4479,qinghai,1
4480,zhi-jiang,1
4481,hwa-jun,1
4482,jianmin,1
4483,niechen,1
4484,jiaru,1
4485,xu-min,1
4486,huang,4
4487,xingyuan,1
4488,fang-ming,1
4489,jin-rong,1
4490,lei,1
4491,mingqiu,1
4492,jae-yoon,1
4493,ming-chiu,1
4494,yongjing,1
4495,kindergartener,1
4496,banker,1
4497,ganlin,1
4498,gan,1
4499,heaven,1
4500,bae,1
4501,chang-heon,1
4502,comforted,2
4503,china-related,3
4504,zi-jeon,1
4505,bang-guo,2
4506,yuen,1
4507,apec,1
4508,quyren,1
4509,teacher,2
4510,gyeongju,2
4511,introduces,1
4512,compulsory,1
4513,adheres,2
4514,'teachers,1
4515,basic,3
4516,required,1
4517,harmonized,1
4518,transmit,1
4519,soccer,1
4520,defenders,1
4521,shot,1
4522,ball,1
4523,opponent,1
4524,noryangjin,1
4525,baeji,1
4526,fiercely,1
4527,midfielders,1
4528,acted,1
4529,intermediaries,1
4530,elaborate,1
4531,passes,1
4532,front-line,1
4533,attackers,1
4534,attacked,1
4535,single,3
4536,dribble,1
4537,blown,1
4538,tae-yoon,1
4539,​​zhang,1
4540,junior,1
4541,chi-de,1
4542,societies,2
4543,qide,1
4544,sang-dae,1
4545,talent,1
4546,distinctive,1
4547,esp,1
4548,jin-jeon,1
4549,sea-themed,1
4550,fireworks,2
4551,wonderfully,1
4552,hwaseong,2
4553,haenggung,1
4554,well-known,1
4555,in-ryu,1
4556,devote,1
4557,xian,1
4558,fruits,1
4559,photographer,1
4560,wenchuan,1
4561,geun-heum,1
4562,mok,1
4563,rebirth,1
4564,chong-sheng,1
4565,retired,1
4566,cared,1
4567,zealously,1
4568,spared,1
4569,china-gyeseo-korea,1
4570,dei,1
4571,gyexi,1
4572,jinchai,1
4573,tenshu,1
4574,vibrant,1
4575,apocalypse,1
4576,twinkling,1
4577,bead,1
4578,dominant,1
4579,luck,1
4580,swordsmanship,1
4581,acrobatic,1
4582,liaocheng,1
4583,fervent,1
4584,cease,1
4585,competitions,1
4586,longjing,1
4587,minchin,1
4588,yuxiang,1
4589,leisure,4
4590,groundbreaking,2
4591,preparation,5
4592,contractor,1
4593,preparatory,2
4594,formally,1
4595,hui,2
4596,counselors,1
4597,utilize,2
4598,chong-ming,1
4599,jin-jung,1
4600,choong-hwan,1
4601,yun-geun,1
4602,legislation,2
4603,gil,1
4604,tae-gi,1
4605,g20,5
4606,cui,1
4607,tiankai,1
4608,negotiator,1
4609,jong-hwa,1
4610,los,1
4611,cabos,1
4612,bonsai,1
4613,horticultural,1
4614,decoration,1
4615,scheduling,1
4616,acquire,1
4617,zeng,2
4618,peiyan,1
4619,exist,1
4620,hee-yong,1
4621,admiral,2
4622,yao,1
4623,breeze,1
4624,blew,2
4625,overflows,1
4626,heard,1
4627,auditor,3
4628,auditing,3
4629,hwang-shik,6
4630,zaiyi,1
4631,zai-jang,1
4632,relentless,1
4633,hwang-sik,7
4634,ok-sang,2
4635,forms,1
4636,planting,2
4637,hongjun,1
4638,liaison,2
4639,byung-guk,3
4640,hubin,1
4641,supports,2
4642,disarmament,1
4643,huai-pan,1
4644,yun-soon,1
4645,people.com,1
4646,nami,1
4647,woo-hyeon,1
4648,pottery,2
4649,ceramic,1
4650,woong-ki,1
4651,enjoyable,1
4652,personnel,2
4653,correspondents,2
4654,hwabyeokjiseong,1
4655,correspondent,1
4656,dedicate,2
4657,intercontinental,1
4658,pan,1
4659,gong-seong,1
4660,careful,1
4661,ni,1
4662,nijien,1
4663,sutao,1
4664,colored,1
4665,hung,1
4666,anyang,3
4667,gwangseo,1
4668,jangjok,1
4669,hill,1
4670,easy-to-understand,1
4671,aide,1
4672,folklore,1
4673,minorities,1
4674,merry,3
4675,single-parent,1
4676,hye-yeol,1
4677,do-jun,1
4678,dongwha,2
4679,pharm,2
4680,employees,4
4681,vivid,2
4682,angles,1
4683,ting,1
4684,tasks,3
4685,in-gyu,2
4686,kil,1
4687,jiranji,1
4688,chiran,1
4689,certificates,1
4690,ballroom,1
4691,crimson,1
4692,blended,1
4693,smiling,1
4694,joyous,1
4695,kyu-young,1
4696,ok-im,2
4697,bong-gil,4
4698,comments,1
4699,zhenge,2
4700,zhengeo,1
4701,mark,2
4702,tokola,1
4703,maeng,2
4704,hyeong-gyu,2
4705,envoy,1
4706,jel-jun,1
4707,jeljun,1
4708,magic,1
4709,motherland,3
4710,woo-ik,3
4711,seok-hwan,4
4712,sino-japan-korea,1
4713,fta-industry-academia,1
4714,sungchuan,1
4715,all-round,1
4716,advantageous,1
4717,tokla,1
4718,tokhla,1
4719,yu-yun,1
4720,weiwin,1
4721,disabled,2
4722,heidi,1
4723,haidi,1
4724,non-disabled,1
4725,disability,1
4726,workers,3
4727,xu-xia,1
4728,ren-long,1
4729,yul,1
4730,jeong-guk,1
4731,renlong,1
4732,pivotal,1
4733,maoning,2
4734,rui,1
4735,matsugawa,2
4736,coordinate,1
4737,highlighted,1
4738,bae-yong,2
4739,brand,2
4740,jung-ja,1
4741,dae-shik,1
4742,chonghui,1
4743,huyxin,1
4744,discipline,1
4745,hui-shin,1
4746,chang-se,1
4747,nak-seung,1
4748,intellectual,1
4749,shuang,1
4750,zhen,1
4751,fu,2
4752,trademark,1
4753,examination,1
4754,framework,2
4755,memorandum,4
4756,'hyunin,1
4757,abdul,1
4758,kalam,1
4759,singaporean,1
4760,chok-tong,1
4761,australian,1
4762,evans,1
4763,atomic,1
4764,iaea,1
4765,hans,1
4766,blix,1
4767,welcoming,1
4768,hanban,2
4769,funded,1
4770,privately,1
4771,finish,1
4772,height,1
4773,doctoral,2
4774,chonnam,1
4775,jun-gyu,2
4776,zhaolong,1
4777,supervision,1
4778,buildings,1
4779,multicolored,1
4780,fluttered,1
4781,shining,2
4782,brightly,2
4783,centenary,1
4784,sectors,2
4785,dong-bin,1
4786,mart,1
4787,gak-gyu,1
4788,operations,2
4789,tianjinwi,1
4790,seung-jun,1
4791,cheongwoon,1
4792,commander,2
4793,ren,1
4794,haiquan,1
4795,vice-chancellor,1
4796,lieutenant,2
4797,mass,1
4798,si-joong,1
4799,yong-seop,1
4800,bong-ha,1
4801,koo-chan,1
4802,xiaoming,1
4803,accounting,2
4804,buyer,1
4805,premium,1
4806,buyers,1
4807,kita,1
4808,sakong-il,1
4809,germany,1
4810,france,1
4811,two-day,1
4812,consultation,3
4813,bbq,1
4814,genesis,1
4815,chicken,1
4816,experienced,1
4817,taste,1
4818,instructor,2
4819,sen,1
4820,hong-geun,1
4821,upcoming,2
4822,xiaoguang,1
4823,woon-tae,1
4824,seung-tae,1
4825,dong-yeon,2
4826,jungwon,4
4827,kwang-seop,3
4828,dunke,1
4829,elite,1
4830,fall,1
4831,ke-ying,1
4832,heated,1
4833,shipyard,4
4834,dae-yong,1
4835,zhonghai,1
4836,guopa,1
4837,sunny,3
4838,ai-ping,1
4839,pinglai,1
4840,hubei-korea,1
4841,guo-seong,1
4842,dacheng,1
4843,displayed,1
4844,we-a-ja,1
4845,jeonju,1
4846,attracted,2
4847,kang-ja,1
4848,dongsung,1
4849,artworks,2
4850,'re-illumination,1
4851,da-wei,1
4852,cha-yong,2
4853,hyo-bok,1
4854,gwang-chan,1
4855,young-hae,1
4856,kai-seong,1
4857,kai-sung,1
4858,worthy,2
4859,african,1
4860,zhili,2
4861,empowerment,1
4862,guarantee,1
4863,xinhai,1
4864,102nd,1
4865,sang-geun,2
4866,reviving,1
4867,agendas,1
4868,macro-regulation,1
4869,62nd,1
4870,jae-shin,3
4871,gushulian,1
4872,shulian,1
4873,citing,1
4874,numerical,1
4875,leading,1
4876,relieve,1
4877,yunok,1
4878,fresh,1
4879,elegantly,1
4880,exquisitely,1
4881,wares,1
4882,seong-kun,1
4883,eo,2
4884,guangyuan,2
4885,korea-guangdong,1
4886,high-tech,2
4887,100-member,1
4888,pangong-cheong,1
4889,yielding,1
4890,expansion,1
4891,daeha,1
4892,sangha,1
4893,se-joo,1
4894,yong-shin,1
4895,shaolin,1
4896,seong-il,1
4897,duyi,1
4898,awareness,1
4899,lamaism,1
4900,songtahan,1
4901,seon-tae,1
4902,tahan,1
4903,dal-joong,1
4904,jeong-min,1
4905,dean,2
4906,fenglan,1
4907,joo-hyeon,1
4908,facilitation,1
4909,athletics,1
4910,championships,1
4911,duan,1
4912,shijie,1
4913,yanfeng,1
4914,coaches,1
4915,relevance,1
4916,hanyang,1
4917,camp,1
4918,deok-ho,1
4919,hongger,3
4920,documentary,1
4921,jun-shin,1
4922,self-control,1
4923,handicapped,1
4924,preview,2
4925,xuebing,1
4926,joongwon,1
4927,gong,1
4928,sang-ri,1
4929,zhongwon,2
4930,reappointment,2
4931,won-sam,2
4932,deliberator,1
4933,dispatched,3
4934,ki-won,1
4935,teach,1
4936,chongwon,1
4937,hwahae,1
4938,canada,2
4939,cosco,2
4940,fusheng,1
4941,lilong,1
4942,seaspan,2
4943,loud,1
4944,chong,1
4945,hongsha,1
4946,mechanisms,2
4947,documents,1
4948,insurance,2
4949,recruitment,1
4950,pr,1
4951,description,2
4952,assisting,1
4953,database,1
4954,qualifications,2
4955,xiaotian,1
4956,yong-geol,1
4957,frankly,1
4958,preserve,1
4959,marketing,1
4960,seongdo-seoul,1
4961,seongdo-si,1
4962,yeoyu-guk,1
4963,chun-cheong,1
4964,yong-koo,1
4965,gwan-bin,1
4966,84th,1
4967,driver,1
4968,license,1
4969,accountant,1
4970,ability,1
4971,computer,1
4972,software,1
4973,ms,1
4974,excel,1
4975,powerpoint,1
4976,kb,1
4977,yun-dae,1
4978,ping-an,2
4979,kimchi,1
4980,pepper,1
4981,powder,1
4982,indispensable,1
4983,jeolyeongeo,1
4984,c.vision,1
4985,overturning,1
4986,collided,1
4987,capsized,1
4988,examining,2
4989,monitoring,1
4990,investigate,1
4991,dock,1
4992,anchored,1
4993,renovation,1
4994,kwan-jin,2
4995,adjutant,1
4996,yushouqi,1
4997,kwanbin,1
4998,jeong-doo,1
4999,seok-min,1
5000,yun-shik,1
5001,seong-shik,1
5002,byung-hwan,1
5003,bid,2
5004,chao,3
5005,weizhou,1
5006,hyung-oh,1
5007,jeong-chan,1
5008,shin-ryong,2
5009,rae-woon,1
5010,young-wook,1
5011,broaden,2
5012,horizons,2
5013,crew,2
5014,rescued,1
5015,uldo,1
5016,ongjin-gun,1
5017,incheon-si,1
5018,"1,500-ton",1
5019,cargo,2
5020,taiyue,1
5021,stranded,1
5022,reef,1
5023,notification,1
5024,pyeongtaek,1
5025,condition,1
5026,daesan,1
5027,crews,1
5028,temporarily,2
5029,je-chang,2
5030,shinhwa,1
5031,embracing,1
5032,seon-gyu,1
5033,jianming,1
5034,criminal,1
5035,proceedings,1
5036,procuratorate,1
5037,hong-il,1
5038,develops,1
5039,stevens,1
5040,u.s,1
5041,kathleen,1
5042,pleasure,1
5043,choral,1
5044,earth,1
5045,save,1
5046,conserve,1
5047,saving,1
5048,gi,1
5049,heavenly,1
5050,coexist,1
5051,harmoniously,1
5052,recommendations,2
5053,yun-ling,1
5054,hainan,1
5055,socio-economic,1
5056,primary,1
5057,gap-jin,1
5058,jin-guk,1
5059,lobby,1
5060,chunneng,1
5061,tidy,1
5062,appearance,1
5063,impression,1
5064,sweat,1
5065,raised,1
5066,morale,1
5067,motivation,1
5068,tension,1
5069,harder,1
5070,oh-eul,1
5071,soo-heung,1
5072,maintenance,2
5073,committees,1
5074,hanbok,1
5075,vegetation,1
5076,lush,1
5077,neatly,1
5078,surrounded,1
5079,costume,1
5080,re-election,2
5081,convened,1
5082,si-hyeong,1
5083,jianlin,1
5084,industrialization,1
5085,guan,1
5086,xiaofeng,1
5087,engaged,1
5088,yeungnam,1
5089,seong-jun,1
5090,seongjun,1
5091,curriculum,1
5092,curatorial,1
5093,broadened,1
5094,nurtured,2
5095,monetary,1
5096,dae-sik,1
5097,pharmaceutical,1
5098,registered,1
5099,chungju,1
5100,chang-su,1
5101,characters,1
5102,derived,1
5103,sharpness,1
5104,produces,2
5105,sells,1
5106,ansun,1
5107,discourse,1
5108,candidacy,1
5109,four-year,1
5110,chambers,1
5111,nationwide,1
5112,hsk,2
5113,takers,1
5114,jong-jin,2
5115,proficiency,2
5116,byung-cheol,1
5117,xiao,1
5118,qiwei,1
5119,tripartite,1
5120,chang-kyung,1
5121,yongjinghyeop,1
5122,scenic,1
5123,quiz,1
5124,read,1
5125,daqi,1
5126,gnp,3
5127,jong-woong,1
5128,g20서울,1
5129,gdp는,1
5130,one-week,1
5131,inspect,1
5132,zhen-wu,1
5133,songwoo,1
5134,five-day,1
5135,voice,1
5136,speakers,1
5137,three-way,1
5138,wan-jong,1
5139,heliang,1
5140,deputies,1
5141,shaogang,1
5142,advice,1
5143,diverse,1
5144,graduates,1
5145,jian-xue,1
5146,호혜win-win을,1
5147,'un의,1
5148,win-win의,1
5149,gdp가,1
5150,호혜win-win의,1
5151,gdp에서,1
5152,lg의,1
5153,상하이expo와,1
5154,여수expo를,1
5155,overcoming,3
5156,selfless,1
5157,kyu-hyung,1
5158,respective,2
5159,aware,1
5160,southern,1
5161,grid,1
5162,xiaodong,1
5163,packed,1
5164,colors,1
5165,smiled,1
5166,jian-yong,1
5167,jianyong,1
5168,hanam,1
5169,blooming,1
5170,hanam-chinese,1
5171,propagation,1
5172,ko,1
5173,seung-deok,1
5174,hyeon,1
5175,sheng-xien,1
5176,wenping,3
5177,shengxien,1
5178,pollutant,1
5179,reducing,1
5180,chemical,1
5181,oxygen,1
5182,sulfur,1
5183,dioxide,1
5184,nitrogen,1
5185,gas,1
5186,oil,1
5187,petroleum,1
5188,je-min,1
5189,substantiated,2
5190,low,1
5191,corporations,2
5192,pohang,1
5193,daewoo,1
5194,dawei,1
5195,sung-rak,2
5196,outcome,2
5197,resuming,1
5198,korea-u.s.,1
5199,contacts,1
5200,mei,1
5201,meiying,1
5202,reviewed,1
5203,arranged,1
5204,vietnam,1
5205,named,1
5206,meters,2
5207,oe-hyun,1
5208,ong,1
5209,yanggang,1
5210,jie-ming,1
5211,jieming,1
5212,covers,1
5213,kilometers,1
5214,mineral,1
5215,actual,2
5216,seong-woon,1
5217,jong-ung,1
5218,hyeon-hyeon,1
5219,daedeok,1
5220,complexes,1
5221,chae-min,2
5222,nam-seok,2
5223,intimate,2
5224,returning,1
5225,drill,1
5226,familiarize,1
5227,firefighting,1
5228,evacuation,1
5229,extinguishers,1
5230,instructed,1
5231,facility,1
5232,locations,1
5233,braces,1
5234,hydrants,1
5235,shutters,1
5236,blankets,1
5237,dunshin,1
5238,jun-kyu,1
5239,doo-pyo,1
5240,keimyung,2
5241,il-hee,2
5242,fulfilling,1
5243,beom-il,1
5244,ningbo,1
5245,jin-hwan,1
5246,chinese-invested,1
5247,jeon-geo,1
5248,taiping,1
5249,sino-japan,1
5250,sookmyung,3
5251,young-sil,1
5252,trained,1
5253,friendships,1
5254,chun-hai,1
5255,closeness,1
5256,effects,1
5257,ming-chi,1
5258,unions,1
5259,requirements,1
5260,thinking,1
5261,feature,1
5262,minqin,1
5263,jeung-hyeon,1
5264,ju,1
5265,zhaohe,7
5266,che,2
5267,components,1
5268,ningxia,1
5269,zhangjiagang,1
5270,kanzhijiang,1
5271,prefecture,1
5272,candid,1
5273,eun-jin,1
5274,abilities,1
5275,yeong-sil,1
5276,je-ri,1
5277,jung-kyung,2
5278,choong-yang,1
5279,recording,1
5280,damages,1
5281,tsunami,2
5282,masatoshi,2
5283,muto,2
5284,disasters,1
5285,suffered,1
5286,steps,1
5287,continuing,1
5288,two-way,1
5289,america,1
5290,asia-latin,1
5291,latin,1
5292,cyber,1
5293,​​secretariat,1
5294,ophisia,1
5295,fielding,1
5296,fealac,1
5297,intergovernmental,1
5298,alternately,1
5299,bon-moo,1
5300,young-ha,1
5301,ri-min,2
5302,byeong-cheol,1
5303,conglomerates,1
5304,kia,1
5305,won-ki,1
5306,hotels,1
5307,resorts,1
5308,tae-jong,1
5309,cheo,6
5310,compatible,1
5311,persson,1
5312,swedish,1
5313,yoran,1
5314,affiliate,1
5315,strawberries,1
5316,icheon-si,1
5317,southeastern,1
5318,gained,1
5319,strawberry,1
5320,farm,1
5321,livestock,1
5322,tasted,1
5323,harvest,1
5324,firsthand,1
5325,chong-ki,1
5326,represented,1
5327,yangtze,1
5328,delta,1
5329,yuer,1
5330,qing,1
5331,collaborating,1
5332,suho,1
5333,colleagues,1
5334,cheon-seok,1
5335,92nd,1
5336,protest,1
5337,designated,1
5338,gugak,3
5339,dong-seok,1
5340,yangju,1
5341,gojaeng,1
5342,gyeonggi,1
5343,jietsu,1
5344,jitz,1
5345,jeollabuk-do,1
5346,jeonbuk,1
5347,solar,2
5348,low-carbon,1
5349,kist,1
5350,renewable,1
5351,bigger,2
5352,young-ki,1
5353,voices,1
5354,demanding,1
5355,chinese-related,1
5356,mixed,1
5357,baek-sang,1
5358,intense,1
5359,bittersweet,1
5360,hot,2
5361,type,1
5362,rabbit,3
5363,kyu-bal,1
5364,hallym,1
5365,quoted,1
5366,chang-chun,1
5367,politburo,1
5368,outlined,1
5369,psychology,1
5370,actor,1
5371,bin,1
5372,premiere,1
5373,appearing,1
5374,screened,1
5375,starring,1
5376,baptized,1
5377,flesh,1
5378,scene,1
5379,dress,1
5380,foreign-invested,1
5381,merchant,1
5382,min-sik,1
5383,jung-wook,1
5384,asean+3,1
5385,wenchai,1
5386,xiangyan,1
5387,dong-hwan,1
5388,biopharmaceuticals,1
5389,aircraft,1
5390,formats,1
5391,cards,1
5392,sprouts,1
5393,sprouted,1
5394,semester,1
5395,filmed,1
5396,safely,1
5397,midwinter,1
5398,arp,1
5399,turandot,2
5400,soprano,1
5401,minutes,1
5402,kang-su,1
5403,xuewei,1
5404,mo,1
5405,hwa-lun,1
5406,pioneering,1
5407,tiger,2
5408,dignifiedly,1
5409,hoyeongi,1
5410,young-seok,1
5411,distributed,1
5412,chai-yong,1
5413,sang-do,1
5414,included,1
5415,korea-china-china,1
5416,cakes,1
5417,choose,1
5418,valuables,1
5419,contract,1
5420,dear,1
5421,fortune,1
5422,approaching,1
5423,well-being,1
5424,kang-soo,2
5425,photography,1
5426,prelude,1
5427,eve-korea-china,1
5428,il-hoon,1
5429,xiao-order,1
5430,xiuhua,1
5431,in-sik,1
5432,swept,1
5433,frigid,1
5434,heat,1
5435,cool,1
5436,geoje,1
5437,xiaoorder,1
5438,proving,1
5439,g20정상회의,1
5440,yue,1
5441,earliest,1
5442,hanwei,1
5443,jang-jak,1
5444,young-bok,1
5445,matured,1
5446,falling,1
5447,cai,1
5448,yi-yong,1
5449,qiang,1
5450,ranked,1
5451,inclusiveness,1
5452,seeking,1
5453,affiliated,1
